[13:11:46] [main/DEBUG] [FML]: Instantiating coremod class FMLCorePlugininecraftFormatting
[13:11:46] [main/INFO] [FML]: Ignoring missing certificate for coremod FMLCorePlugin (net.minecraftforge.fml.relauncher.FMLCorePlugin), we are in deobf and it's a forge core plugininecraftFormatting
[13:11:46] [main/DEBUG] [FML]: Added access transformer class net.minecraftforge.fml.common.asm.transformers.AccessTransformer to enqueued access transformersinecraftFormatting
[13:11:46] [main/DEBUG] [FML]: Enqueued coremod FMLCorePlugininecraftFormatting
[13:11:46] [main/DEBUG] [FML]: Instantiating coremod class FMLForgePlugininecraftFormatting
[13:11:46] [main/INFO] [FML]: Ignoring missing certificate for coremod FMLForgePlugin (net.minecraftforge.classloading.FMLForgePlugin), we are in deobf and it's a forge core plugininecraftFormatting
[13:11:46] [main/DEBUG] [FML]: Enqueued coremod FMLForgePlugininecraftFormatting
[13:11:46] [main/DEBUG] [FML]: All fundamental core mods are successfully locatedinecraftFormatting
[13:11:46] [main/DEBUG] [FML]: Discovering coremodsinecraftFormatting
[13:11:46] [main/INFO] [FML]: Searching C:\Users\Semka\Desktop\Cars\run\.\mods for modsinecraftFormatting
[13:11:46] [main/INFO] [LaunchWrapper]: Calling tweak class net.minecraftforge.gradle.tweakers.CoremodTweakerinecraftFormatting
[13:11:46] [main/INFO] [GradleStart]: Injecting location in coremod net.minecraftforge.fml.relauncher.FMLCorePlugininecraftFormatting
[13:11:46] [main/INFO] [GradleStart]: Injecting location in coremod net.minecraftforge.classloading.FMLForgePlugininecraftFormatting
[13:11:46] [main/INFO] [LaunchWrapper]: Loading tweak class name net.minecraftforge.fml.common.launcher.FMLInjectionAndSortingTweakerinecraftFormatting
[13:11:46] [main/INFO] [LaunchWrapper]: Loading tweak class name net.minecraftforge.fml.common.launcher.FMLDeobfTweakerinecraftFormatting
[13:11:46] [main/INFO] [LaunchWrapper]: Loading tweak class name net.minecraftforge.gradle.tweakers.AccessTransformerTweakerinecraftFormatting
[13:11:46] [main/INFO] [LaunchWrapper]: Calling tweak class net.minecraftforge.fml.common.launcher.FMLInjectionAndSortingTweakerinecraftFormatting
[13:11:46] [main/INFO] [LaunchWrapper]: Calling tweak class net.minecraftforge.fml.common.launcher.FMLInjectionAndSortingTweakerinecraftFormatting
[13:11:46] [main/INFO] [LaunchWrapper]: Calling tweak class net.minecraftforge.fml.relauncher.CoreModManager$FMLPluginWrapperinecraftFormatting
[13:11:46] [main/DEBUG] [FML]: Injecting coremod FMLCorePlugin \{net.minecraftforge.fml.relauncher.FMLCorePlugin\} class transformersinecraftFormatting
[13:11:46] [main/TRACE] [FML]: Registering transformer net.minecraftforge.fml.common.asm.transformers.SideTransformerinecraftFormatting
[13:11:46] [main/TRACE] [FML]: Registering transformer net.minecraftforge.fml.common.asm.transformers.EventSubscriptionTransformerinecraftFormatting
[13:11:46] [main/TRACE] [FML]: Registering transformer net.minecraftforge.fml.common.asm.transformers.EventSubscriberTransformerinecraftFormatting
[13:11:46] [main/TRACE] [FML]: Registering transformer net.minecraftforge.fml.common.asm.transformers.SoundEngineFixTransformerinecraftFormatting
[13:11:46] [main/DEBUG] [FML]: Injection completeinecraftFormatting
[13:11:46] [main/DEBUG] [FML]: Running coremod plugin for FMLCorePlugin \{net.minecraftforge.fml.relauncher.FMLCorePlugin\}inecraftFormatting
[13:11:46] [main/DEBUG] [FML]: Running coremod plugin FMLCorePlugininecraftFormatting
[13:11:46] [main/DEBUG] [FML]: Loading deobfuscation resource C:\Users\Semka\.gradle\caches\minecraft\de\oceanlabs\mcp\mcp_stable\39\1.12.2\srgs\srg-mcp.srg with 36076 recordsinecraftFormatting
[13:11:46] [main/ERROR] [FML]: FML appears to be missing any signature data. This is not a good thinginecraftFormatting
[13:11:46] [main/DEBUG] [FML]: Coremod plugin class FMLCorePlugin run successfullyinecraftFormatting
[13:11:46] [main/INFO] [LaunchWrapper]: Calling tweak class net.minecraftforge.fml.relauncher.CoreModManager$FMLPluginWrapperinecraftFormatting
[13:11:46] [main/DEBUG] [FML]: Injecting coremod FMLForgePlugin \{net.minecraftforge.classloading.FMLForgePlugin\} class transformersinecraftFormatting
[13:11:46] [main/DEBUG] [FML]: Injection completeinecraftFormatting
[13:11:46] [main/DEBUG] [FML]: Running coremod plugin for FMLForgePlugin \{net.minecraftforge.classloading.FMLForgePlugin\}inecraftFormatting
[13:11:46] [main/DEBUG] [FML]: Running coremod plugin FMLForgePlugininecraftFormatting
[13:11:46] [main/DEBUG] [FML]: Coremod plugin class FMLForgePlugin run successfullyinecraftFormatting
[13:11:46] [main/INFO] [LaunchWrapper]: Calling tweak class net.minecraftforge.fml.common.launcher.FMLDeobfTweakerinecraftFormatting
[13:11:46] [main/DEBUG] [FML]: Loaded 215 rules from AccessTransformer config file forge_at.cfginecraftFormatting
[13:11:46] [main/DEBUG] [FML]: Validating minecraftinecraftFormatting
[13:11:47] [main/DEBUG] [FML]: Minecraft validated, launching...inecraftFormatting
[13:11:47] [main/INFO] [LaunchWrapper]: Calling tweak class net.minecraftforge.gradle.tweakers.AccessTransformerTweakerinecraftFormatting
[13:11:47] [main/INFO] [LaunchWrapper]: Loading tweak class name net.minecraftforge.fml.common.launcher.TerminalTweakerinecraftFormatting
[13:11:47] [main/INFO] [LaunchWrapper]: Calling tweak class net.minecraftforge.fml.common.launcher.TerminalTweakerinecraftFormatting
[13:11:47] [main/INFO] [LaunchWrapper]: Launching wrapped minecraft {net.minecraft.client.main.Main}inecraftFormatting
[13:11:47] [Client thread/INFO] [net.minecraft.client.Minecraft]: Setting user: Player837inecraftFormatting
[13:11:48] [Client thread/DEBUG] [FML]: Creating vanilla freeze snapshotinecraftFormatting
[13:11:48] [Client thread/DEBUG] [FML]: Vanilla freeze snapshot createdinecraftFormatting
[13:11:48] [Client thread/INFO] [net.minecraft.client.Minecraft]: LWJGL Version: 2.9.4inecraftFormatting
[13:11:49] [Client thread/DEBUG] [FML]: Bar Finished: Loading Resource - LanguageManager took 0.001sinecraftFormatting
[13:11:49] [Client thread/INFO] [FML]: Could not load splash.properties, will create a default oneinecraftFormatting
[13:11:49] [Client thread/INFO] [FML]: -- System Details --
Details:
	Minecraft Version: 1.12.2
	Operating System: Windows 11 (amd64) version 10.0
	Java Version: 1.8.0_504, Temurin
	Java VM Version: OpenJDK 64-Bit Server VM (mixed mode), Temurin
	Memory: 196535752 bytes (187 MB) / 571998208 bytes (545 MB) up to 3784310784 bytes (3609 MB)
	JVM Flags: 0 total; 
	IntCache: cache: 0, tcache: 0, allocated: 0, tallocated: 0
	FML: 
	Loaded coremods (and transformers): 
	GL info: ' Vendor: 'NVIDIA Corporation' Version: '4.6.0 NVIDIA 610.88' Renderer: 'NVIDIA GeForce RTX 4060/PCIe/SSE2'inecraftFormatting
[13:11:49] [Client thread/INFO] [FML]: MinecraftForge v14.23.5.2847 InitializedinecraftFormatting
[13:11:49] [Client thread/INFO] [FML]: Starts to replace vanilla recipe ingredients with ore ingredients.inecraftFormatting
[13:11:49] [Client thread/INFO] [FML]: Invalid recipe found with multiple oredict ingredients in the same ingredient...inecraftFormatting
[13:11:49] [Client thread/INFO] [FML]: Replaced 1227 ore ingredientsinecraftFormatting
[13:11:49] [Client thread/DEBUG] [FML]: File C:\Users\Semka\Desktop\Cars\run\config\injectedDependencies.json not found. No dependencies injectedinecraftFormatting
[13:11:49] [Client thread/DEBUG] [FML]: Building injected Mod Containers [net.minecraftforge.fml.common.FMLContainer, net.minecraftforge.common.ForgeModContainer]inecraftFormatting
[13:11:49] [Client thread/DEBUG] [FML]: Attempting to load mods contained in the minecraft jar file and associated classesinecraftFormatting
[13:11:49] [Client thread/DEBUG] [FML]: Found a minecraft related file at C:\Users\Semka\.gradle\caches\minecraft\deobfedDeps\compileDummy.jar, examining for mod candidatesinecraftFormatting
[13:11:49] [Client thread/DEBUG] [FML]: Found a minecraft related file at C:\Users\Semka\.gradle\caches\minecraft\deobfedDeps\providedDummy.jar, examining for mod candidatesinecraftFormatting
[13:11:49] [Client thread/DEBUG] [FML]: Found a minecraft related file at C:\Users\Semka\.gradle\caches\minecraft\net\minecraftforge\forge\1.12.2-14.23.5.2847\stable\39\forgeBin-1.12.2-14.23.5.2847.jar, examining for mod candidatesinecraftFormatting
[13:11:49] [Client thread/TRACE] [FML]: Skipping known library file C:\Users\Semka\.gradle\caches\modules-2\files-2.1\com.mojang\authlib\1.5.25\9834cdf236c22e84b946bba989e2f94ef5897c3c\authlib-1.5.25.jarinecraftFormatting
[13:11:49] [Client thread/DEBUG] [FML]: Found a minecraft related file at C:\Users\Semka\.gradle\caches\modules-2\files-2.1\com.google.code.findbugs\jsr305\3.0.1\f7be08ec23c21485b9b5a1cf1654c2ec8c58168d\jsr305-3.0.1.jar, examining for mod candidatesinecraftFormatting
[13:11:49] [Client thread/DEBUG] [FML]: Found a minecraft related file at C:\Users\Semka\.gradle\caches\modules-2\files-2.1\com.mojang\patchy\1.3.9\eb8bb7b66fa0e2152b1b40b3856e82f7619439ee\patchy-1.3.9.jar, examining for mod candidatesinecraftFormatting
[13:11:49] [Client thread/TRACE] [FML]: Skipping known library file C:\Users\Semka\.gradle\caches\modules-2\files-2.1\oshi-project\oshi-core\1.1\9ddf7b048a8d701be231c0f4f95fd986198fd2d8\oshi-core-1.1.jarinecraftFormatting
[13:11:49] [Client thread/DEBUG] [FML]: Found a minecraft related file at C:\Users\Semka\.gradle\caches\modules-2\files-2.1\com.mojang\text2speech\1.10.3\48fd510879dff266c3815947de66e3d4809f8668\text2speech-1.10.3.jar, examining for mod candidatesinecraftFormatting
[13:11:49] [Client thread/DEBUG] [FML]: Found a minecraft related file at C:\Users\Semka\.gradle\caches\modules-2\files-2.1\ca.weblite\java-objc-bridge\1.0.0\6ef160c3133a78de015830860197602ca1c855d3\java-objc-bridge-1.0.0.jar, examining for mod candidatesinecraftFormatting
[13:11:49] [Client thread/TRACE] [FML]: Skipping known library file C:\Users\Semka\.gradle\caches\modules-2\files-2.1\net.java.dev.jna\jna\4.4.0\cb208278274bf12ebdb56c61bd7407e6f774d65a\jna-4.4.0.jarinecraftFormatting
[13:11:49] [Client thread/TRACE] [FML]: Skipping known library file C:\Users\Semka\.gradle\caches\modules-2\files-2.1\net.java.dev.jna\platform\3.4.0\e3f70017be8100d3d6923f50b3d2ee17714e9c13\platform-3.4.0.jarinecraftFormatting
[13:11:49] [Client thread/TRACE] [FML]: Skipping known library file C:\Users\Semka\.gradle\caches\modules-2\files-2.1\com.ibm.icu\icu4j-core-mojang\51.2\63d216a9311cca6be337c1e458e587f99d382b84\icu4j-core-mojang-51.2.jarinecraftFormatting
[13:11:49] [Client thread/TRACE] [FML]: Skipping known library file C:\Users\Semka\.gradle\caches\modules-2\files-2.1\net.minecraft\launchwrapper\1.12\111e7bea9c968cdb3d06ef4632bf7ff0824d0f36\launchwrapper-1.12.jarinecraftFormatting
[13:11:49] [Client thread/TRACE] [FML]: Skipping known library file C:\Users\Semka\.gradle\caches\modules-2\files-2.1\net.sf.jopt-simple\jopt-simple\5.0.3\cdd846cfc4e0f7eefafc02c0f5dce32b9303aa2a\jopt-simple-5.0.3.jarinecraftFormatting
[13:11:49] [Client thread/TRACE] [FML]: Skipping known library file C:\Users\Semka\.gradle\caches\modules-2\files-2.1\io.netty\netty-all\4.1.9.Final\97860965d6a0a6b98e7f569f3f966727b8db75\netty-all-4.1.9.Final.jarinecraftFormatting
[13:11:49] [Client thread/TRACE] [FML]: Skipping known library file C:\Users\Semka\.gradle\caches\modules-2\files-2.1\com.google.guava\guava\21.0\3a3d111be1be1b745edfa7d91678a12d7ed38709\guava-21.0.jarinecraftFormatting
[13:11:49] [Client thread/DEBUG] [FML]: Found a minecraft related file at C:\Users\Semka\.gradle\caches\modules-2\files-2.1\org.apache.maven\maven-artifact\3.5.3\7dc72b6d6d8a6dced3d294ed54c2cc3515ade9f4\maven-artifact-3.5.3.jar, examining for mod candidatesinecraftFormatting
[13:11:49] [Client thread/TRACE] [FML]: Skipping known library file C:\Users\Semka\.gradle\caches\modules-2\files-2.1\org.apache.commons\commons-lang3\3.5\6c6c702c89bfff3cd9e80b04d668c5e190d588c6\commons-lang3-3.5.jarinecraftFormatting
[13:11:49] [Client thread/TRACE] [FML]: Skipping known library file C:\Users\Semka\.gradle\caches\modules-2\files-2.1\commons-io\commons-io\2.5\2852e6e05fbb95076fc091f6d1780f1f8fe35e0f\commons-io-2.5.jarinecraftFormatting
[13:11:49] [Client thread/TRACE] [FML]: Skipping known library file C:\Users\Semka\.gradle\caches\modules-2\files-2.1\com.mojang\realms\1.10.22\bd0dccebdf3744c75f1ca20063f16e8f7d5e663f\realms-1.10.22.jarinecraftFormatting
[13:11:49] [Client thread/TRACE] [FML]: Skipping known library file C:\Users\Semka\.gradle\caches\modules-2\files-2.1\org.apache.httpcomponents\httpclient\4.3.3\18f4247ff4572a074444572cee34647c43e7c9c7\httpclient-4.3.3.jarinecraftFormatting
[13:11:49] [Client thread/TRACE] [FML]: Skipping known library file C:\Users\Semka\.gradle\caches\modules-2\files-2.1\commons-codec\commons-codec\1.10\4b95f4897fa13f2cd904aee711aeafc0c5295cd8\commons-codec-1.10.jarinecraftFormatting
[13:11:49] [Client thread/TRACE] [FML]: Skipping known library file C:\Users\Semka\.gradle\caches\modules-2\files-2.1\com.paulscode\librarylwjglopenal\20100824\73e80d0794c39665aec3f62eee88ca91676674ef\librarylwjglopenal-20100824.jarinecraftFormatting
[13:11:49] [Client thread/TRACE] [FML]: Skipping known library file C:\Users\Semka\.gradle\caches\modules-2\files-2.1\org.lwjgl.lwjgl\lwjgl_util\2.9.4-nightly-20150209\d51a7c040a721d13efdfbd34f8b257b2df882ad0\lwjgl_util-2.9.4-nightly-20150209.jarinecraftFormatting
[13:11:49] [Client thread/TRACE] [FML]: Skipping known library file C:\Users\Semka\.gradle\caches\modules-2\files-2.1\org.lwjgl.lwjgl\lwjgl\2.9.4-nightly-20150209\697517568c68e78ae0b4544145af031c81082dfe\lwjgl-2.9.4-nightly-20150209.jarinecraftFormatting
[13:11:49] [Client thread/TRACE] [FML]: Skipping known library file C:\Users\Semka\.gradle\caches\modules-2\files-2.1\net.java.jinput\jinput\2.0.5\39c7796b469a600f72380316f6b1f11db6c2c7c4\jinput-2.0.5.jarinecraftFormatting
[13:11:49] [Client thread/TRACE] [FML]: Skipping known library file C:\Users\Semka\.gradle\caches\modules-2\files-2.1\net.java.jutils\jutils\1.0.0\e12fe1fda814bd348c1579329c86943d2cd3c6a6\jutils-1.0.0.jarinecraftFormatting
[13:11:49] [Client thread/TRACE] [FML]: Skipping known library file C:\Users\Semka\.gradle\caches\modules-2\files-2.1\com.google.code.gson\gson\2.8.0\c4ba5371a29ac9b2ad6129b1d39ea38750043eff\gson-2.8.0.jarinecraftFormatting
[13:11:49] [Client thread/TRACE] [FML]: Skipping known library file C:\Users\Semka\.gradle\caches\modules-2\files-2.1\org.apache.commons\commons-compress\1.8.1\a698750c16740fd5b3871425f4cb3bbaa87f529d\commons-compress-1.8.1.jarinecraftFormatting
[13:11:49] [Client thread/TRACE] [FML]: Skipping known library file C:\Users\Semka\.gradle\caches\modules-2\files-2.1\commons-logging\commons-logging\1.1.3\f6f66e966c70a83ffbdb6f17a0919eaf7c8aca7f\commons-logging-1.1.3.jarinecraftFormatting
[13:11:49] [Client thread/TRACE] [FML]: Skipping known library file C:\Users\Semka\.gradle\caches\modules-2\files-2.1\org.apache.httpcomponents\httpcore\4.3.2\31fbbff1ddbf98f3aa7377c94d33b0447c646b6e\httpcore-4.3.2.jarinecraftFormatting
[13:11:49] [Client thread/TRACE] [FML]: Skipping known library file C:\Users\Semka\.gradle\caches\modules-2\files-2.1\it.unimi.dsi\fastutil\7.1.0\9835253257524c1be7ab50c057aa2d418fb72082\fastutil-7.1.0.jarinecraftFormatting
[13:11:49] [Client thread/TRACE] [FML]: Skipping known library file C:\Users\Semka\.gradle\caches\modules-2\files-2.1\org.apache.logging.log4j\log4j-core\2.8.1\4ac28ff2f1ddf05dae3043a190451e8c46b73c31\log4j-core-2.8.1.jarinecraftFormatting
[13:11:49] [Client thread/TRACE] [FML]: Skipping known library file C:\Users\Semka\.gradle\caches\modules-2\files-2.1\org.apache.logging.log4j\log4j-api\2.8.1\e801d13612e22cad62a3f4f3fe7fdbe6334a8e72\log4j-api-2.8.1.jarinecraftFormatting
[13:11:49] [Client thread/TRACE] [FML]: Skipping known library file C:\Users\Semka\.gradle\caches\modules-2\files-2.1\org.jline\jline\3.5.1\51800e9d7a13608894a5a28eed0f5c7fa2f300fb\jline-3.5.1.jarinecraftFormatting
[13:11:49] [Client thread/DEBUG] [FML]: Found a minecraft related file at C:\Users\Semka\.gradle\caches\modules-2\files-2.1\org.ow2.asm\asm-debug-all\5.2\3354e11e2b34215f06dab629ab88e06aca477c19\asm-debug-all-5.2.jar, examining for mod candidatesinecraftFormatting
[13:11:49] [Client thread/TRACE] [FML]: Skipping known library file C:\Users\Semka\.gradle\caches\modules-2\files-2.1\com.typesafe.akka\akka-actor_2.11\2.3.3\ed62e9fc709ca0f2ff1a3220daa8b70a2870078e\akka-actor_2.11-2.3.3.jarinecraftFormatting
[13:11:49] [Client thread/TRACE] [FML]: Skipping known library file C:\Users\Semka\.gradle\caches\modules-2\files-2.1\com.typesafe\config\1.2.1\f771f71fdae3df231bcd54d5ca2d57f0bf93f467\config-1.2.1.jarinecraftFormatting
[13:11:49] [Client thread/TRACE] [FML]: Skipping known library file C:\Users\Semka\.gradle\caches\modules-2\files-2.1\org.scala-lang\scala-actors-migration_2.11\1.1.0\dfa8bc42b181d5b9f1a5dd147f8ae308b893eb6f\scala-actors-migration_2.11-1.1.0.jarinecraftFormatting
[13:11:49] [Client thread/TRACE] [FML]: Skipping known library file C:\Users\Semka\.gradle\caches\modules-2\files-2.1\org.scala-lang.plugins\scala-continuations-plugin_2.11.1\1.0.2\f361a3283452c57fa30c1ee69448995de23c60f7\scala-continuations-plugin_2.11.1-1.0.2.jarinecraftFormatting
[13:11:49] [Client thread/TRACE] [FML]: Skipping known library file C:\Users\Semka\.gradle\caches\modules-2\files-2.1\org.scala-lang\scala-compiler\2.11.1\56ea2e6c025e0821f28d73ca271218b8dd04926a\scala-compiler-2.11.1.jarinecraftFormatting
[13:11:49] [Client thread/TRACE] [FML]: Skipping known library file C:\Users\Semka\.gradle\caches\modules-2\files-2.1\org.scala-lang.plugins\scala-continuations-library_2.11\1.0.2\e517c53a7e9acd6b1668c5a35eccbaa3bab9aac\scala-continuations-library_2.11-1.0.2.jarinecraftFormatting
[13:11:49] [Client thread/TRACE] [FML]: Skipping known library file C:\Users\Semka\.gradle\caches\modules-2\files-2.1\org.scala-lang.modules\scala-parser-combinators_2.11\1.0.1\f05d7345bf5a58924f2837c6c1f4d73a938e1ff0\scala-parser-combinators_2.11-1.0.1.jarinecraftFormatting
[13:11:49] [Client thread/TRACE] [FML]: Skipping known library file C:\Users\Semka\.gradle\caches\modules-2\files-2.1\org.scala-lang\scala-reflect\2.11.1\6580347e61cc7f8e802941e7fde40fa83b8badeb\scala-reflect-2.11.1.jarinecraftFormatting
[13:11:49] [Client thread/TRACE] [FML]: Skipping known library file C:\Users\Semka\.gradle\caches\modules-2\files-2.1\org.scala-lang.modules\scala-swing_2.11\1.0.1\b1cdd92bd47b1e1837139c1c53020e86bb9112ae\scala-swing_2.11-1.0.1.jarinecraftFormatting
[13:11:49] [Client thread/TRACE] [FML]: Skipping known library file C:\Users\Semka\.gradle\caches\modules-2\files-2.1\org.scala-lang.modules\scala-xml_2.11\1.0.2\820fbca7e524b530fdadc594c39d49a21ea0337e\scala-xml_2.11-1.0.2.jarinecraftFormatting
[13:11:49] [Client thread/TRACE] [FML]: Skipping known library file C:\Users\Semka\.gradle\caches\modules-2\files-2.1\org.scala-lang\scala-actors\2.11.0\8ccfb6541de179bb1c4d45cf414acee069b7f78b\scala-actors-2.11.0.jarinecraftFormatting
[13:11:49] [Client thread/TRACE] [FML]: Skipping known library file C:\Users\Semka\.gradle\caches\modules-2\files-2.1\org.scala-lang\scala-library\2.11.1\e11da23da3eabab9f4777b9220e60d44c1aab6a\scala-library-2.11.1.jarinecraftFormatting
[13:11:49] [Client thread/TRACE] [FML]: Skipping known library file C:\Users\Semka\.gradle\caches\modules-2\files-2.1\lzma\lzma\0.0.1\521616dc7487b42bef0e803bd2fa3faf668101d7\lzma-0.0.1.jarinecraftFormatting
[13:11:49] [Client thread/TRACE] [FML]: Skipping known library file C:\Users\Semka\.gradle\caches\modules-2\files-2.1\net.sf.trove4j\trove4j\3.0.3\42ccaf4761f0dfdfa805c9e340d99a755907e2dd\trove4j-3.0.3.jarinecraftFormatting
[13:11:49] [Client thread/TRACE] [FML]: Skipping known library file C:\Users\Semka\.gradle\caches\modules-2\files-2.1\com.paulscode\codecjorbis\20101023\c73b5636faf089d9f00e8732a829577de25237ee\codecjorbis-20101023.jarinecraftFormatting
[13:11:49] [Client thread/TRACE] [FML]: Skipping known library file C:\Users\Semka\.gradle\caches\modules-2\files-2.1\com.paulscode\codecwav\20101023\12f031cfe88fef5c1dd36c563c0a3a69bd7261da\codecwav-20101023.jarinecraftFormatting
[13:11:49] [Client thread/TRACE] [FML]: Skipping known library file C:\Users\Semka\.gradle\caches\modules-2\files-2.1\com.paulscode\libraryjavasound\20101123\5c5e304366f75f9eaa2e8cca546a1fb6109348b3\libraryjavasound-20101123.jarinecraftFormatting
[13:11:49] [Client thread/TRACE] [FML]: Skipping known library file C:\Users\Semka\.gradle\caches\modules-2\files-2.1\com.paulscode\soundsystem\20120107\419c05fe9be71f792b2d76cfc9b67f1ed0fec7f6\soundsystem-20120107.jarinecraftFormatting
[13:11:49] [Client thread/TRACE] [FML]: Skipping known library file C:\Users\Semka\.gradle\caches\modules-2\files-2.1\java3d\vecmath\1.5.2\79846ba34cbd89e2422d74d53752f993dcc2ccaf\vecmath-1.5.2.jarinecraftFormatting
[13:11:49] [Client thread/DEBUG] [FML]: Found a minecraft related file at C:\Users\Semka\.gradle\caches\modules-2\files-2.1\org.codehaus.plexus\plexus-utils\3.1.0\60eecb6f15abdb1c653ad80abaac6fe188b3feaa\plexus-utils-3.1.0.jar, examining for mod candidatesinecraftFormatting
[13:11:49] [Client thread/TRACE] [FML]: Skipping known library file C:\Users\Semka\.gradle\caches\modules-2\files-2.1\net.java.jinput\jinput-platform\2.0.5\7ff832a6eb9ab6a767f1ade2b548092d0fa64795\jinput-platform-2.0.5-natives-linux.jarinecraftFormatting
[13:11:49] [Client thread/TRACE] [FML]: Skipping known library file C:\Users\Semka\.gradle\caches\modules-2\files-2.1\net.java.jinput\jinput-platform\2.0.5\385ee093e01f587f30ee1c8a2ee7d408fd732e16\jinput-platform-2.0.5-natives-windows.jarinecraftFormatting
[13:11:49] [Client thread/TRACE] [FML]: Skipping known library file C:\Users\Semka\.gradle\caches\modules-2\files-2.1\net.java.jinput\jinput-platform\2.0.5\53f9c919f34d2ca9de8c51fc4e1e8282029a9232\jinput-platform-2.0.5-natives-osx.jarinecraftFormatting
[13:11:49] [Client thread/TRACE] [FML]: Skipping known library file C:\Users\Semka\.gradle\caches\modules-2\files-2.1\org.lwjgl.lwjgl\lwjgl-platform\2.9.4-nightly-20150209\b84d5102b9dbfabfeb5e43c7e2828d98a7fc80e0\lwjgl-platform-2.9.4-nightly-20150209-natives-windows.jarinecraftFormatting
[13:11:49] [Client thread/TRACE] [FML]: Skipping known library file C:\Users\Semka\.gradle\caches\modules-2\files-2.1\org.lwjgl.lwjgl\lwjgl-platform\2.9.4-nightly-20150209\931074f46c795d2f7b30ed6395df5715cfd7675b\lwjgl-platform-2.9.4-nightly-20150209-natives-linux.jarinecraftFormatting
[13:11:49] [Client thread/TRACE] [FML]: Skipping known library file C:\Users\Semka\.gradle\caches\modules-2\files-2.1\org.lwjgl.lwjgl\lwjgl-platform\2.9.4-nightly-20150209\bcab850f8f487c3f4c4dbabde778bb82bd1a40ed\lwjgl-platform-2.9.4-nightly-20150209-natives-osx.jarinecraftFormatting
[13:11:49] [Client thread/DEBUG] [FML]: Found a minecraft related directory at C:\Users\Semka\.gradle\caches\minecraft\net\minecraftforge\forge\1.12.2-14.23.5.2847\start, examining for mod candidatesinecraftFormatting
[13:11:49] [Client thread/DEBUG] [FML]: Found a minecraft related file at C:\Users\Semka\Desktop\Cars\build\libs\cars-1.0.0-SNAPSHOT.jar, examining for mod candidatesinecraftFormatting
[13:11:49] [Client thread/DEBUG] [FML]: Minecraft jar mods loaded successfullyinecraftFormatting
[13:11:49] [Client thread/INFO] [FML]: Searching C:\Users\Semka\Desktop\Cars\run\.\mods for modsinecraftFormatting
[13:11:49] [Client thread/DEBUG] [FML]: Examining file compileDummy.jar for potential modsinecraftFormatting
[13:11:49] [Client thread/DEBUG] [FML]: The mod container compileDummy.jar appears to be missing an mcmod.info fileinecraftFormatting
[13:11:49] [Client thread/DEBUG] [FML]: Examining file providedDummy.jar for potential modsinecraftFormatting
[13:11:49] [Client thread/DEBUG] [FML]: The mod container providedDummy.jar appears to be missing an mcmod.info fileinecraftFormatting
[13:11:49] [Client thread/DEBUG] [FML]: Examining file forgeBin-1.12.2-14.23.5.2847.jar for potential modsinecraftFormatting
[13:11:49] [Client thread/DEBUG] [FML]: The mod container forgeBin-1.12.2-14.23.5.2847.jar appears to be missing an mcmod.info fileinecraftFormatting
[13:11:50] [Client thread/DEBUG] [FML]: Examining file jsr305-3.0.1.jar for potential modsinecraftFormatting
[13:11:50] [Client thread/DEBUG] [FML]: The mod container jsr305-3.0.1.jar appears to be missing an mcmod.info fileinecraftFormatting
[13:11:50] [Client thread/DEBUG] [FML]: Examining file patchy-1.3.9.jar for potential modsinecraftFormatting
[13:11:50] [Client thread/DEBUG] [FML]: The mod container patchy-1.3.9.jar appears to be missing an mcmod.info fileinecraftFormatting
[13:11:50] [Client thread/DEBUG] [FML]: Examining file text2speech-1.10.3.jar for potential modsinecraftFormatting
[13:11:50] [Client thread/DEBUG] [FML]: The mod container text2speech-1.10.3.jar appears to be missing an mcmod.info fileinecraftFormatting
[13:11:50] [Client thread/DEBUG] [FML]: Examining file java-objc-bridge-1.0.0.jar for potential modsinecraftFormatting
[13:11:50] [Client thread/DEBUG] [FML]: The mod container java-objc-bridge-1.0.0.jar appears to be missing an mcmod.info fileinecraftFormatting
[13:11:50] [Client thread/DEBUG] [FML]: Examining file maven-artifact-3.5.3.jar for potential modsinecraftFormatting
[13:11:50] [Client thread/DEBUG] [FML]: The mod container maven-artifact-3.5.3.jar appears to be missing an mcmod.info fileinecraftFormatting
[13:11:50] [Client thread/DEBUG] [FML]: Examining file asm-debug-all-5.2.jar for potential modsinecraftFormatting
[13:11:50] [Client thread/DEBUG] [FML]: The mod container asm-debug-all-5.2.jar appears to be missing an mcmod.info fileinecraftFormatting
[13:11:50] [Client thread/DEBUG] [FML]: Examining file plexus-utils-3.1.0.jar for potential modsinecraftFormatting
[13:11:50] [Client thread/DEBUG] [FML]: The mod container plexus-utils-3.1.0.jar appears to be missing an mcmod.info fileinecraftFormatting
[13:11:50] [Client thread/DEBUG] [FML]: Examining directory start for potential modsinecraftFormatting
[13:11:50] [Client thread/DEBUG] [FML]: No mcmod.info file found in directory startinecraftFormatting
[13:11:50] [Client thread/TRACE] [FML]: Recursing into package netinecraftFormatting
[13:11:50] [Client thread/TRACE] [FML]: Recursing into package net/minecraftforgeinecraftFormatting
[13:11:50] [Client thread/TRACE] [FML]: Recursing into package net/minecraftforge/gradleinecraftFormatting
[13:11:50] [Client thread/TRACE] [FML]: Recursing into package net/minecraftforge/gradle/tweakersinecraftFormatting
[13:11:50] [Client thread/DEBUG] [FML]: Examining file cars-1.0.0-SNAPSHOT.jar for potential modsinecraftFormatting
[13:11:50] [Client thread/TRACE] [FML]: Located mcmod.info file in file cars-1.0.0-SNAPSHOT.jarinecraftFormatting
[13:11:50] [Client thread/DEBUG] [FML]: Identified a mod of type Lnet/minecraftforge/fml/common/Mod; (com.cars.project.Cars) - loadinginecraftFormatting
[13:11:50] [Client thread/TRACE] [FML]: Parsed dependency info for cars: Requirements: [] After:[] Before:[]inecraftFormatting
[13:11:50] [Client thread/INFO] [FML]: Forge Mod Loader has identified 5 mods to loadinecraftFormatting
[13:11:50] [Client thread/TRACE] [FML]: Received a system property request ''inecraftFormatting
[13:11:50] [Client thread/TRACE] [FML]: System property request managing the state of 0 modsinecraftFormatting
[13:11:50] [Client thread/DEBUG] [FML]: After merging, found state information for 0 modsinecraftFormatting
[13:11:50] [Client thread/DEBUG] [FML]: Mod Forge Mod Loader is missing a pack.mcmeta file, substituting a dummy oneinecraftFormatting
[13:11:50] [Client thread/DEBUG] [FML]: Mod Minecraft Forge is missing a pack.mcmeta file, substituting a dummy oneinecraftFormatting
[13:11:50] [Client thread/DEBUG] [FML]: Enabling mod carsinecraftFormatting
[13:11:50] [Client thread/DEBUG] [FML]: Mod Cars is missing a pack.mcmeta file, substituting a dummy oneinecraftFormatting
[13:11:50] [Client thread/TRACE] [FML]: Verifying mod requirements are satisfiedinecraftFormatting
[13:11:50] [Client thread/TRACE] [FML]: All mod requirements are satisfiedinecraftFormatting
[13:11:50] [Client thread/TRACE] [FML]: Sorting mods into an ordered listinecraftFormatting
[13:11:50] [Client thread/TRACE] [FML]: Mod sorting completed successfullyinecraftFormatting
[13:11:50] [Client thread/DEBUG] [FML]: Mod sorting datainecraftFormatting
[13:11:50] [Client thread/DEBUG] [FML]: 	cars(Cars:1.0.0-SNAPSHOT): cars-1.0.0-SNAPSHOT.jar ()inecraftFormatting
[13:11:50] [Client thread/DEBUG] [FML]: Loading @Config anotation datainecraftFormatting
[13:11:50] [Client thread/TRACE] [FML]: Sending event FMLConstructionEvent to mod minecraftinecraftFormatting
[13:11:50] [Client thread/TRACE] [FML]: Sent event FMLConstructionEvent to mod minecraftinecraftFormatting
[13:11:50] [Client thread/DEBUG] [FML]: Bar Step: Construction - Minecraft took 0.003sinecraftFormatting
[13:11:50] [Client thread/TRACE] [FML]: Sending event FMLConstructionEvent to mod mcpinecraftFormatting
[13:11:50] [Client thread/TRACE] [FML]: Sent event FMLConstructionEvent to mod mcpinecraftFormatting
[13:11:50] [Client thread/DEBUG] [FML]: Bar Step: Construction - Minecraft Coder Pack took 0.000sinecraftFormatting
[13:11:50] [Client thread/TRACE] [FML]: Sending event FMLConstructionEvent to mod FMLinecraftFormatting
[13:11:50] [Client thread/TRACE] [FML]: Mod FML is using network checker : Invoking method checkModListsinecraftFormatting
[13:11:50] [Client thread/TRACE] [FML]: Testing mod FML to verify it accepts its own version in a remote connectioninecraftFormatting
[13:11:50] [Client thread/TRACE] [FML]: The mod FML accepts its own version (8.0.99.99)inecraftFormatting
[13:11:50] [Client thread/INFO] [FML]: Attempting connection with missing mods [minecraft, mcp, FML, forge, cars] at CLIENTinecraftFormatting
[13:11:50] [Client thread/INFO] [FML]: Attempting connection with missing mods [minecraft, mcp, FML, forge, cars] at SERVERinecraftFormatting
[13:11:50] [Client thread/TRACE] [FML]: Sent event FMLConstructionEvent to mod FMLinecraftFormatting
[13:11:50] [Client thread/DEBUG] [FML]: Bar Step: Construction - Forge Mod Loader took 0.153sinecraftFormatting
[13:11:50] [Client thread/TRACE] [FML]: Sending event FMLConstructionEvent to mod forgeinecraftFormatting
[13:11:50] [Client thread/DEBUG] [forge]: Loading Vanilla annotations: nullinecraftFormatting
[13:11:50] [Client thread/DEBUG] [forge]: Preloading CrashReport ClassesinecraftFormatting
[13:11:50] [Client thread/DEBUG] [forge]: 	net/minecraft/client/Minecraft$10inecraftFormatting
[13:11:50] [Client thread/DEBUG] [forge]: 	net/minecraft/client/Minecraft$11inecraftFormatting
[13:11:50] [Client thread/DEBUG] [forge]: 	net/minecraft/client/Minecraft$12inecraftFormatting
[13:11:50] [Client thread/DEBUG] [forge]: 	net/minecraft/client/Minecraft$13inecraftFormatting
[13:11:50] [Client thread/DEBUG] [forge]: 	net/minecraft/client/Minecraft$14inecraftFormatting
[13:11:50] [Client thread/DEBUG] [forge]: 	net/minecraft/client/Minecraft$2inecraftFormatting
[13:11:50] [Client thread/DEBUG] [forge]: 	net/minecraft/client/Minecraft$3inecraftFormatting
[13:11:50] [Client thread/DEBUG] [forge]: 	net/minecraft/client/Minecraft$4inecraftFormatting
[13:11:50] [Client thread/DEBUG] [forge]: 	net/minecraft/client/Minecraft$5inecraftFormatting
[13:11:50] [Client thread/DEBUG] [forge]: 	net/minecraft/client/Minecraft$6inecraftFormatting
[13:11:50] [Client thread/DEBUG] [forge]: 	net/minecraft/client/Minecraft$7inecraftFormatting
[13:11:50] [Client thread/DEBUG] [forge]: 	net/minecraft/client/Minecraft$8inecraftFormatting
[13:11:50] [Client thread/DEBUG] [forge]: 	net/minecraft/client/Minecraft$9inecraftFormatting
[13:11:50] [Client thread/DEBUG] [forge]: 	net/minecraft/client/multiplayer/WorldClient$1inecraftFormatting
[13:11:50] [Client thread/DEBUG] [forge]: 	net/minecraft/client/multiplayer/WorldClient$2inecraftFormatting
[13:11:50] [Client thread/DEBUG] [forge]: 	net/minecraft/client/multiplayer/WorldClient$3inecraftFormatting
[13:11:50] [Client thread/DEBUG] [forge]: 	net/minecraft/client/multiplayer/WorldClient$4inecraftFormatting
[13:11:50] [Client thread/DEBUG] [forge]: 	net/minecraft/client/particle/ParticleManager$1inecraftFormatting
[13:11:50] [Client thread/DEBUG] [forge]: 	net/minecraft/client/particle/ParticleManager$2inecraftFormatting
[13:11:50] [Client thread/DEBUG] [forge]: 	net/minecraft/client/particle/ParticleManager$3inecraftFormatting
[13:11:50] [Client thread/DEBUG] [forge]: 	net/minecraft/client/particle/ParticleManager$4inecraftFormatting
[13:11:50] [Client thread/DEBUG] [forge]: 	net/minecraft/client/renderer/EntityRenderer$2inecraftFormatting
[13:11:50] [Client thread/DEBUG] [forge]: 	net/minecraft/client/renderer/EntityRenderer$3inecraftFormatting
[13:11:50] [Client thread/DEBUG] [forge]: 	net/minecraft/client/renderer/EntityRenderer$4inecraftFormatting
[13:11:50] [Client thread/DEBUG] [forge]: 	net/minecraft/client/renderer/RenderGlobal$1inecraftFormatting
[13:11:50] [Client thread/DEBUG] [forge]: 	net/minecraft/client/renderer/RenderItem$1inecraftFormatting
[13:11:50] [Client thread/DEBUG] [forge]: 	net/minecraft/client/renderer/RenderItem$2inecraftFormatting
[13:11:50] [Client thread/DEBUG] [forge]: 	net/minecraft/client/renderer/RenderItem$3inecraftFormatting
[13:11:50] [Client thread/DEBUG] [forge]: 	net/minecraft/client/renderer/RenderItem$4inecraftFormatting
[13:11:50] [Client thread/DEBUG] [forge]: 	net/minecraft/client/renderer/texture/TextureAtlasSprite$1inecraftFormatting
[13:11:50] [Client thread/DEBUG] [forge]: 	net/minecraft/client/renderer/texture/TextureManager$1inecraftFormatting
[13:11:50] [Client thread/DEBUG] [forge]: 	net/minecraft/client/renderer/texture/TextureMap$1inecraftFormatting
[13:11:50] [Client thread/DEBUG] [forge]: 	net/minecraft/client/renderer/texture/TextureMap$2inecraftFormatting
[13:11:50] [Client thread/DEBUG] [forge]: 	net/minecraft/client/renderer/texture/TextureMap$3inecraftFormatting
[13:11:50] [Client thread/DEBUG] [forge]: 	net/minecraft/crash/CrashReport$1inecraftFormatting
[13:11:50] [Client thread/DEBUG] [forge]: 	net/minecraft/crash/CrashReport$2inecraftFormatting
[13:11:50] [Client thread/DEBUG] [forge]: 	net/minecraft/crash/CrashReport$3inecraftFormatting
[13:11:50] [Client thread/DEBUG] [forge]: 	net/minecraft/crash/CrashReport$4inecraftFormatting
[13:11:50] [Client thread/DEBUG] [forge]: 	net/minecraft/crash/CrashReport$5inecraftFormatting
[13:11:50] [Client thread/DEBUG] [forge]: 	net/minecraft/crash/CrashReport$6inecraftFormatting
[13:11:50] [Client thread/DEBUG] [forge]: 	net/minecraft/crash/CrashReport$7inecraftFormatting
[13:11:50] [Client thread/DEBUG] [forge]: 	net/minecraft/crash/CrashReportCategory$1inecraftFormatting
[13:11:50] [Client thread/DEBUG] [forge]: 	net/minecraft/crash/CrashReportCategory$2inecraftFormatting
[13:11:50] [Client thread/DEBUG] [forge]: 	net/minecraft/crash/CrashReportCategory$3inecraftFormatting
[13:11:50] [Client thread/DEBUG] [forge]: 	net/minecraft/crash/CrashReportCategory$4inecraftFormatting
[13:11:50] [Client thread/DEBUG] [forge]: 	net/minecraft/crash/CrashReportCategory$5inecraftFormatting
[13:11:50] [Client thread/DEBUG] [forge]: 	net/minecraft/crash/CrashReportCategory$6inecraftFormatting
[13:11:50] [Client thread/DEBUG] [forge]: 	net/minecraft/crash/CrashReportCategory$7inecraftFormatting
[13:11:50] [Client thread/DEBUG] [forge]: 	net/minecraft/entity/Entity$2inecraftFormatting
[13:11:50] [Client thread/DEBUG] [forge]: 	net/minecraft/entity/Entity$3inecraftFormatting
[13:11:50] [Client thread/DEBUG] [forge]: 	net/minecraft/entity/Entity$4inecraftFormatting
[13:11:50] [Client thread/DEBUG] [forge]: 	net/minecraft/entity/Entity$5inecraftFormatting
[13:11:50] [Client thread/DEBUG] [forge]: 	net/minecraft/entity/EntityTracker$1inecraftFormatting
[13:11:50] [Client thread/DEBUG] [forge]: 	net/minecraft/entity/player/InventoryPlayer$1inecraftFormatting
[13:11:50] [Client thread/DEBUG] [forge]: 	net/minecraft/nbt/NBTTagCompound$1inecraftFormatting
[13:11:50] [Client thread/DEBUG] [forge]: 	net/minecraft/nbt/NBTTagCompound$2inecraftFormatting
[13:11:50] [Client thread/DEBUG] [forge]: 	net/minecraft/network/NetHandlerPlayServer$3inecraftFormatting
[13:11:50] [Client thread/DEBUG] [forge]: 	net/minecraft/network/NetworkSystem$6inecraftFormatting
[13:11:50] [Client thread/DEBUG] [forge]: 	net/minecraft/server/MinecraftServer$2inecraftFormatting
[13:11:50] [Client thread/DEBUG] [forge]: 	net/minecraft/server/MinecraftServer$3inecraftFormatting
[13:11:50] [Client thread/DEBUG] [forge]: 	net/minecraft/server/dedicated/DedicatedServer$3inecraftFormatting
[13:11:50] [Client thread/DEBUG] [forge]: 	net/minecraft/server/dedicated/DedicatedServer$4inecraftFormatting
[13:11:50] [Client thread/DEBUG] [forge]: 	net/minecraft/server/integrated/IntegratedServer$1inecraftFormatting
[13:11:50] [Client thread/DEBUG] [forge]: 	net/minecraft/server/integrated/IntegratedServer$2inecraftFormatting
[13:11:50] [Client thread/DEBUG] [forge]: 	net/minecraft/tileentity/CommandBlockBaseLogic$1inecraftFormatting
[13:11:50] [Client thread/DEBUG] [forge]: 	net/minecraft/tileentity/CommandBlockBaseLogic$2inecraftFormatting
[13:11:50] [Client thread/DEBUG] [forge]: 	net/minecraft/tileentity/TileEntity$1inecraftFormatting
[13:11:50] [Client thread/DEBUG] [forge]: 	net/minecraft/tileentity/TileEntity$2inecraftFormatting
[13:11:50] [Client thread/DEBUG] [forge]: 	net/minecraft/tileentity/TileEntity$3inecraftFormatting
[13:11:50] [Client thread/DEBUG] [forge]: 	net/minecraft/world/World$1inecraftFormatting
[13:11:50] [Client thread/DEBUG] [forge]: 	net/minecraft/world/World$2inecraftFormatting
[13:11:50] [Client thread/DEBUG] [forge]: 	net/minecraft/world/World$3inecraftFormatting
[13:11:50] [Client thread/DEBUG] [forge]: 	net/minecraft/world/World$4inecraftFormatting
[13:11:50] [Client thread/DEBUG] [forge]: 	net/minecraft/world/World$5inecraftFormatting
[13:11:50] [Client thread/DEBUG] [forge]: 	net/minecraft/world/chunk/Chunk$1inecraftFormatting
[13:11:50] [Client thread/DEBUG] [forge]: 	net/minecraft/world/gen/structure/MapGenStructure$1inecraftFormatting
[13:11:50] [Client thread/DEBUG] [forge]: 	net/minecraft/world/gen/structure/MapGenStructure$2inecraftFormatting
[13:11:50] [Client thread/DEBUG] [forge]: 	net/minecraft/world/gen/structure/MapGenStructure$3inecraftFormatting
[13:11:50] [Client thread/DEBUG] [forge]: 	net/minecraft/world/storage/WorldInfo$10inecraftFormatting
[13:11:50] [Client thread/DEBUG] [forge]: 	net/minecraft/world/storage/WorldInfo$2inecraftFormatting
[13:11:50] [Client thread/DEBUG] [forge]: 	net/minecraft/world/storage/WorldInfo$3inecraftFormatting
[13:11:50] [Client thread/DEBUG] [forge]: 	net/minecraft/world/storage/WorldInfo$4inecraftFormatting
[13:11:50] [Client thread/DEBUG] [forge]: 	net/minecraft/world/storage/WorldInfo$5inecraftFormatting
[13:11:50] [Client thread/DEBUG] [forge]: 	net/minecraft/world/storage/WorldInfo$6inecraftFormatting
[13:11:50] [Client thread/DEBUG] [forge]: 	net/minecraft/world/storage/WorldInfo$7inecraftFormatting
[13:11:50] [Client thread/DEBUG] [forge]: 	net/minecraft/world/storage/WorldInfo$8inecraftFormatting
[13:11:50] [Client thread/DEBUG] [forge]: 	net/minecraft/world/storage/WorldInfo$9inecraftFormatting
[13:11:50] [Client thread/DEBUG] [forge]: 	net/minecraftforge/common/util/TextTableinecraftFormatting
[13:11:50] [Client thread/DEBUG] [forge]: 	net/minecraftforge/common/util/TextTable$AlignmentinecraftFormatting
[13:11:50] [Client thread/DEBUG] [forge]: 	net/minecraftforge/common/util/TextTable$ColumninecraftFormatting
[13:11:50] [Client thread/DEBUG] [forge]: 	net/minecraftforge/common/util/TextTable$RowinecraftFormatting
[13:11:50] [Client thread/DEBUG] [forge]: 	net/minecraftforge/fml/client/SplashProgress$1inecraftFormatting
[13:11:50] [Client thread/DEBUG] [forge]: 	net/minecraftforge/fml/common/FMLCommonHandler$1inecraftFormatting
[13:11:50] [Client thread/DEBUG] [forge]: 	net/minecraftforge/fml/common/ICrashCallableinecraftFormatting
[13:11:50] [Client thread/DEBUG] [forge]: 	net/minecraftforge/fml/common/Loader$1inecraftFormatting
[13:11:50] [Client thread/TRACE] [FML]: Mod forge is using network checker : No network checking performedinecraftFormatting
[13:11:50] [Client thread/TRACE] [FML]: Testing mod forge to verify it accepts its own version in a remote connectioninecraftFormatting
[13:11:50] [Client thread/TRACE] [FML]: The mod forge accepts its own version (14.23.5.2847)inecraftFormatting
[13:11:50] [Client thread/DEBUG] [FML]: Attempting to inject @Config classes into forge for type INSTANCEinecraftFormatting
[13:11:50] [Client thread/TRACE] [FML]: Sent event FMLConstructionEvent to mod forgeinecraftFormatting
[13:11:50] [Client thread/DEBUG] [FML]: Bar Step: Construction - Minecraft Forge took 0.031sinecraftFormatting
[13:11:50] [Client thread/TRACE] [FML]: Sending event FMLConstructionEvent to mod carsinecraftFormatting
[13:11:50] [Client thread/TRACE] [FML]: Mod cars is using network checker : Accepting version 1.0.0-SNAPSHOTinecraftFormatting
[13:11:50] [Client thread/TRACE] [FML]: Testing mod cars to verify it accepts its own version in a remote connectioninecraftFormatting
[13:11:50] [Client thread/TRACE] [FML]: The mod cars accepts its own version (1.0.0-SNAPSHOT)inecraftFormatting
[13:11:50] [Client thread/DEBUG] [FML]: Attempting to inject @SidedProxy classes into carsinecraftFormatting
[13:11:50] [Client thread/DEBUG] [FML]: Attempting to inject @EventBusSubscriber classes into the eventbus for carsinecraftFormatting
[13:11:50] [Client thread/DEBUG] [FML]: Attempting to inject @Config classes into cars for type INSTANCEinecraftFormatting
[13:11:50] [Client thread/TRACE] [FML]: Sent event FMLConstructionEvent to mod carsinecraftFormatting
[13:11:50] [Client thread/DEBUG] [FML]: Bar Step: Construction - Cars took 0.010sinecraftFormatting
[13:11:50] [Client thread/DEBUG] [FML]: Bar Finished: Construction took 0.198sinecraftFormatting
[13:11:50] [Client thread/DEBUG] [FML]: Mod signature datainecraftFormatting
[13:11:50] [Client thread/DEBUG] [FML]:  	Valid Signatures:inecraftFormatting
[13:11:50] [Client thread/DEBUG] [FML]:  	Missing Signatures:inecraftFormatting
[13:11:50] [Client thread/DEBUG] [FML]: 		minecraft	(Minecraft	1.12.2)	minecraft.jarinecraftFormatting
[13:11:50] [Client thread/DEBUG] [FML]: 		mcp	(Minecraft Coder Pack	9.42)	minecraft.jarinecraftFormatting
[13:11:50] [Client thread/DEBUG] [FML]: 		FML	(Forge Mod Loader	8.0.99.99)	forgeBin-1.12.2-14.23.5.2847.jarinecraftFormatting
[13:11:50] [Client thread/DEBUG] [FML]: 		forge	(Minecraft Forge	14.23.5.2847)	forgeBin-1.12.2-14.23.5.2847.jarinecraftFormatting
[13:11:50] [Client thread/DEBUG] [FML]: 		cars	(Cars	1.0.0-SNAPSHOT)	cars-1.0.0-SNAPSHOT.jarinecraftFormatting
[13:11:50] [Client thread/INFO] [net.minecraft.client.resources.SimpleReloadableResourceManager]: Reloading ResourceManager: Default, FMLFileResourcePack:Forge Mod Loader, FMLFileResourcePack:Minecraft Forge, FMLFileResourcePack:CarsinecraftFormatting
[13:11:50] [Client thread/DEBUG] [FML]: Bar Step: Loading Resources - Default took 0.002sinecraftFormatting
[13:11:50] [Client thread/DEBUG] [FML]: Bar Step: Loading Resources - FMLFileResourcePack:Forge Mod Loader took 0.019sinecraftFormatting
[13:11:50] [Client thread/DEBUG] [FML]: Bar Step: Loading Resources - FMLFileResourcePack:Minecraft Forge took 0.007sinecraftFormatting
[13:11:50] [Client thread/DEBUG] [FML]: Bar Step: Loading Resources - FMLFileResourcePack:Cars took 0.000sinecraftFormatting
[13:11:50] [Client thread/DEBUG] [FML]: Bar Finished: Reloading - LanguageManager took 0.036sinecraftFormatting
[13:11:50] [Client thread/DEBUG] [FML]: Bar Step: Loading Resources - Reloading listeners took 0.037sinecraftFormatting
[13:11:50] [Client thread/DEBUG] [FML]: Bar Finished: Loading Resources took 0.065sinecraftFormatting
[13:11:50] [Client thread/DEBUG] [FML]: Mod Forge Mod Loader is missing a pack.mcmeta file, substituting a dummy oneinecraftFormatting
[13:11:50] [Client thread/DEBUG] [FML]: Mod Minecraft Forge is missing a pack.mcmeta file, substituting a dummy oneinecraftFormatting
[13:11:50] [Client thread/DEBUG] [FML]: Mod Cars is missing a pack.mcmeta file, substituting a dummy oneinecraftFormatting
[13:11:50] [Client thread/INFO] [FML]: Processing ObjectHolder annotationsinecraftFormatting
[13:11:50] [Client thread/INFO] [FML]: Found 1168 ObjectHolder annotationsinecraftFormatting
[13:11:50] [Client thread/INFO] [FML]: Identifying ItemStackHolder annotationsinecraftFormatting
[13:11:50] [Client thread/INFO] [FML]: Found 0 ItemStackHolder annotationsinecraftFormatting
[13:11:50] [Client thread/TRACE] [FML]: Sending event FMLPreInitializationEvent to mod minecraftinecraftFormatting
[13:11:50] [Client thread/TRACE] [FML]: Sent event FMLPreInitializationEvent to mod minecraftinecraftFormatting
[13:11:50] [Client thread/DEBUG] [FML]: Bar Step: PreInitialization - Minecraft took 0.000sinecraftFormatting
[13:11:50] [Client thread/TRACE] [FML]: Sending event FMLPreInitializationEvent to mod mcpinecraftFormatting
[13:11:50] [Client thread/TRACE] [FML]: Sent event FMLPreInitializationEvent to mod mcpinecraftFormatting
[13:11:50] [Client thread/DEBUG] [FML]: Bar Step: PreInitialization - Minecraft Coder Pack took 0.000sinecraftFormatting
[13:11:50] [Client thread/TRACE] [FML]: Sending event FMLPreInitializationEvent to mod FMLinecraftFormatting
[13:11:50] [Client thread/TRACE] [FML]: Sent event FMLPreInitializationEvent to mod FMLinecraftFormatting
[13:11:50] [Client thread/DEBUG] [FML]: Bar Step: PreInitialization - Forge Mod Loader took 0.000sinecraftFormatting
[13:11:50] [Client thread/TRACE] [FML]: Sending event FMLPreInitializationEvent to mod forgeinecraftFormatting
[13:11:50] [Client thread/INFO] [FML]: Configured a dormant chunk cache size of 0inecraftFormatting
[13:11:50] [Client thread/TRACE] [FML]: Sent event FMLPreInitializationEvent to mod forgeinecraftFormatting
[13:11:50] [Client thread/DEBUG] [FML]: Bar Step: PreInitialization - Minecraft Forge took 0.028sinecraftFormatting
[13:11:50] [Client thread/TRACE] [FML]: Sending event FMLPreInitializationEvent to mod carsinecraftFormatting
[13:11:50] [Client thread/TRACE] [FML]: Sent event FMLPreInitializationEvent to mod carsinecraftFormatting
[13:11:50] [Client thread/DEBUG] [FML]: Bar Step: PreInitialization - Cars took 0.000sinecraftFormatting
[13:11:50] [Client thread/DEBUG] [FML]: Bar Finished: PreInitialization took 0.029sinecraftFormatting
[13:11:50] [Forge Version Check/INFO] [forge.VersionCheck]: [forge] Starting version check at http://files.minecraftforge.net/maven/net/minecraftforge/forge/promotions_slim.jsoninecraftFormatting
[13:11:50] [Client thread/INFO] [FML]: Applying holder lookupsinecraftFormatting
[13:11:50] [Client thread/INFO] [FML]: Holder lookups appliedinecraftFormatting
[13:11:50] [Client thread/INFO] [FML]: Applying holder lookupsinecraftFormatting
[13:11:50] [Client thread/INFO] [FML]: Holder lookups appliedinecraftFormatting
[13:11:50] [Client thread/INFO] [FML]: Applying holder lookupsinecraftFormatting
[13:11:50] [Client thread/INFO] [FML]: Holder lookups appliedinecraftFormatting
[13:11:50] [Client thread/INFO] [FML]: Applying holder lookupsinecraftFormatting
[13:11:50] [Client thread/INFO] [FML]: Holder lookups appliedinecraftFormatting
[13:11:50] [Client thread/INFO] [FML]: Injecting itemstacksinecraftFormatting
[13:11:50] [Client thread/INFO] [FML]: Itemstack injection completeinecraftFormatting
[13:11:50] [Client thread/DEBUG] [FML]: Bar Finished: Loading Resource - TextureManager took 0.000sinecraftFormatting
[13:11:50] [Client thread/WARN] [net.minecraft.client.audio.SoundManager]: Missing sound for event: minecraft:ambient.caveinecraftFormatting
[13:11:50] [Client thread/WARN] [net.minecraft.client.audio.SoundManager]: Missing sound for event: minecraft:block.anvil.breakinecraftFormatting
[13:11:50] [Client thread/WARN] [net.minecraft.client.audio.SoundManager]: Missing sound for event: minecraft:block.anvil.destroyinecraftFormatting
[13:11:50] [Client thread/WARN] [net.minecraft.client.audio.SoundManager]: Missing sound for event: minecraft:block.anvil.fallinecraftFormatting
[13:11:50] [Client thread/WARN] [net.minecraft.client.audio.SoundManager]: Missing sound for event: minecraft:block.anvil.hitinecraftFormatting
[13:11:50] [Client thread/WARN] [net.minecraft.client.audio.SoundManager]: Missing sound for event: minecraft:block.anvil.landinecraftFormatting
[13:11:50] [Client thread/WARN] [net.minecraft.client.audio.SoundManager]: Missing sound for event: minecraft:block.anvil.placeinecraftFormatting
[13:11:50] [Client thread/WARN] [net.minecraft.client.audio.SoundManager]: Missing sound for event: minecraft:block.anvil.stepinecraftFormatting
[13:11:50] [Client thread/WARN] [net.minecraft.client.audio.SoundManager]: Missing sound for event: minecraft:block.anvil.useinecraftFormatting
[13:11:50] [Client thread/WARN] [net.minecraft.client.audio.SoundManager]: Missing sound for event: minecraft:block.brewing_stand.brewinecraftFormatting
[13:11:50] [Client thread/WARN] [net.minecraft.client.audio.SoundManager]: Missing sound for event: minecraft:block.chest.closeinecraftFormatting
[13:11:50] [Client thread/WARN] [net.minecraft.client.audio.SoundManager]: Missing sound for event: minecraft:block.chest.lockedinecraftFormatting
[13:11:50] [Client thread/WARN] [net.minecraft.client.audio.SoundManager]: Missing sound for event: minecraft:block.chest.openinecraftFormatting
[13:11:50] [Client thread/WARN] [net.minecraft.client.audio.SoundManager]: Missing sound for event: minecraft:block.chorus_flower.deathinecraftFormatting
[13:11:50] [Client thread/WARN] [net.minecraft.client.audio.SoundManager]: Missing sound for event: minecraft:block.chorus_flower.growinecraftFormatting
[13:11:50] [Client thread/WARN] [net.minecraft.client.audio.SoundManager]: Missing sound for event: minecraft:block.cloth.breakinecraftFormatting
[13:11:50] [Client thread/WARN] [net.minecraft.client.audio.SoundManager]: Missing sound for event: minecraft:block.cloth.fallinecraftFormatting
[13:11:50] [Client thread/WARN] [net.minecraft.client.audio.SoundManager]: Missing sound for event: minecraft:block.cloth.hitinecraftFormatting
[13:11:50] [Client thread/WARN] [net.minecraft.client.audio.SoundManager]: Missing sound for event: minecraft:block.cloth.placeinecraftFormatting
[13:11:50] [Client thread/WARN] [net.minecraft.client.audio.SoundManager]: Missing sound for event: minecraft:block.cloth.stepinecraftFormatting
[13:11:50] [Client thread/WARN] [net.minecraft.client.audio.SoundManager]: Missing sound for event: minecraft:block.comparator.clickinecraftFormatting
[13:11:50] [Client thread/WARN] [net.minecraft.client.audio.SoundManager]: Missing sound for event: minecraft:block.dispenser.dispenseinecraftFormatting
[13:11:50] [Client thread/WARN] [net.minecraft.client.audio.SoundManager]: Missing sound for event: minecraft:block.dispenser.failinecraftFormatting
[13:11:50] [Client thread/WARN] [net.minecraft.client.audio.SoundManager]: Missing sound for event: minecraft:block.dispenser.launchinecraftFormatting
[13:11:50] [Client thread/WARN] [net.minecraft.client.audio.SoundManager]: Missing sound for event: minecraft:block.enchantment_table.useinecraftFormatting
[13:11:50] [Client thread/WARN] [net.minecraft.client.audio.SoundManager]: Missing sound for event: minecraft:block.end_gateway.spawninecraftFormatting
[13:11:50] [Client thread/WARN] [net.minecraft.client.audio.SoundManager]: Missing sound for event: minecraft:block.end_portal.spawninecraftFormatting
[13:11:50] [Client thread/WARN] [net.minecraft.client.audio.SoundManager]: Missing sound for event: minecraft:block.end_portal_frame.fillinecraftFormatting
[13:11:50] [Client thread/WARN] [net.minecraft.client.audio.SoundManager]: Missing sound for event: minecraft:block.enderchest.closeinecraftFormatting
[13:11:50] [Client thread/WARN] [net.minecraft.client.audio.SoundManager]: Missing sound for event: minecraft:block.enderchest.openinecraftFormatting
[13:11:50] [Client thread/WARN] [net.minecraft.client.audio.SoundManager]: Missing sound for event: minecraft:block.fence_gate.closeinecraftFormatting
[13:11:50] [Client thread/WARN] [net.minecraft.client.audio.SoundManager]: Missing sound for event: minecraft:block.fence_gate.openinecraftFormatting
[13:11:50] [Client thread/WARN] [net.minecraft.client.audio.SoundManager]: Missing sound for event: minecraft:block.fire.ambientinecraftFormatting
[13:11:50] [Client thread/WARN] [net.minecraft.client.audio.SoundManager]: Missing sound for event: minecraft:block.fire.extinguishinecraftFormatting
[13:11:50] [Client thread/WARN] [net.minecraft.client.audio.SoundManager]: Missing sound for event: minecraft:block.furnace.fire_crackleinecraftFormatting
[13:11:50] [Client thread/WARN] [net.minecraft.client.audio.SoundManager]: Missing sound for event: minecraft:block.glass.breakinecraftFormatting
[13:11:50] [Client thread/WARN] [net.minecraft.client.audio.SoundManager]: Missing sound for event: minecraft:block.glass.fallinecraftFormatting
[13:11:50] [Client thread/WARN] [net.minecraft.client.audio.SoundManager]: Missing sound for event: minecraft:block.glass.hitinecraftFormatting
[13:11:50] [Client thread/WARN] [net.minecraft.client.audio.SoundManager]: Missing sound for event: minecraft:block.glass.placeinecraftFormatting
[13:11:50] [Client thread/WARN] [net.minecraft.client.audio.SoundManager]: Missing sound for event: minecraft:block.glass.stepinecraftFormatting
[13:11:50] [Client thread/WARN] [net.minecraft.client.audio.SoundManager]: Missing sound for event: minecraft:block.grass.breakinecraftFormatting
[13:11:50] [Client thread/WARN] [net.minecraft.client.audio.SoundManager]: Missing sound for event: minecraft:block.grass.fallinecraftFormatting
[13:11:50] [Client thread/WARN] [net.minecraft.client.audio.SoundManager]: Missing sound for event: minecraft:block.grass.hitinecraftFormatting
[13:11:50] [Client thread/WARN] [net.minecraft.client.audio.SoundManager]: Missing sound for event: minecraft:block.grass.placeinecraftFormatting
[13:11:50] [Client thread/WARN] [net.minecraft.client.audio.SoundManager]: Missing sound for event: minecraft:block.grass.stepinecraftFormatting
[13:11:50] [Client thread/WARN] [net.minecraft.client.audio.SoundManager]: Missing sound for event: minecraft:block.gravel.breakinecraftFormatting
[13:11:50] [Client thread/WARN] [net.minecraft.client.audio.SoundManager]: Missing sound for event: minecraft:block.gravel.fallinecraftFormatting
[13:11:50] [Client thread/WARN] [net.minecraft.client.audio.SoundManager]: Missing sound for event: minecraft:block.gravel.hitinecraftFormatting
[13:11:50] [Client thread/WARN] [net.minecraft.client.audio.SoundManager]: Missing sound for event: minecraft:block.gravel.placeinecraftFormatting
[13:11:50] [Client thread/WARN] [net.minecraft.client.audio.SoundManager]: Missing sound for event: minecraft:block.gravel.stepinecraftFormatting
[13:11:50] [Client thread/WARN] [net.minecraft.client.audio.SoundManager]: Missing sound for event: minecraft:block.iron_door.closeinecraftFormatting
[13:11:50] [Client thread/WARN] [net.minecraft.client.audio.SoundManager]: Missing sound for event: minecraft:block.iron_door.openinecraftFormatting
[13:11:50] [Client thread/WARN] [net.minecraft.client.audio.SoundManager]: Missing sound for event: minecraft:block.iron_trapdoor.closeinecraftFormatting
[13:11:50] [Client thread/WARN] [net.minecraft.client.audio.SoundManager]: Missing sound for event: minecraft:block.iron_trapdoor.openinecraftFormatting
[13:11:50] [Client thread/WARN] [net.minecraft.client.audio.SoundManager]: Missing sound for event: minecraft:block.ladder.breakinecraftFormatting
[13:11:50] [Client thread/WARN] [net.minecraft.client.audio.SoundManager]: Missing sound for event: minecraft:block.ladder.fallinecraftFormatting
[13:11:50] [Client thread/WARN] [net.minecraft.client.audio.SoundManager]: Missing sound for event: minecraft:block.ladder.hitinecraftFormatting
[13:11:50] [Client thread/WARN] [net.minecraft.client.audio.SoundManager]: Missing sound for event: minecraft:block.ladder.placeinecraftFormatting
[13:11:50] [Client thread/WARN] [net.minecraft.client.audio.SoundManager]: Missing sound for event: minecraft:block.ladder.stepinecraftFormatting
[13:11:50] [Client thread/WARN] [net.minecraft.client.audio.SoundManager]: Missing sound for event: minecraft:block.lava.ambientinecraftFormatting
[13:11:50] [Client thread/WARN] [net.minecraft.client.audio.SoundManager]: Missing sound for event: minecraft:block.lava.extinguishinecraftFormatting
[13:11:50] [Client thread/WARN] [net.minecraft.client.audio.SoundManager]: Missing sound for event: minecraft:block.lava.popinecraftFormatting
[13:11:50] [Client thread/WARN] [net.minecraft.client.audio.SoundManager]: Missing sound for event: minecraft:block.lever.clickinecraftFormatting
[13:11:50] [Client thread/WARN] [net.minecraft.client.audio.SoundManager]: Missing sound for event: minecraft:block.metal.breakinecraftFormatting
[13:11:50] [Client thread/WARN] [net.minecraft.client.audio.SoundManager]: Missing sound for event: minecraft:block.metal.fallinecraftFormatting
[13:11:50] [Client thread/WARN] [net.minecraft.client.audio.SoundManager]: Missing sound for event: minecraft:block.metal.hitinecraftFormatting
[13:11:50] [Client thread/WARN] [net.minecraft.client.audio.SoundManager]: Missing sound for event: minecraft:block.metal.placeinecraftFormatting
[13:11:50] [Client thread/WARN] [net.minecraft.client.audio.SoundManager]: Missing sound for event: minecraft:block.metal.stepinecraftFormatting
[13:11:50] [Client thread/WARN] [net.minecraft.client.audio.SoundManager]: Missing sound for event: minecraft:block.metal_pressureplate.click_offinecraftFormatting
[13:11:50] [Client thread/WARN] [net.minecraft.client.audio.SoundManager]: Missing sound for event: minecraft:block.metal_pressureplate.click_oninecraftFormatting
[13:11:50] [Client thread/WARN] [net.minecraft.client.audio.SoundManager]: Missing sound for event: minecraft:block.note.basedruminecraftFormatting
[13:11:50] [Client thread/WARN] [net.minecraft.client.audio.SoundManager]: Missing sound for event: minecraft:block.note.bassinecraftFormatting
[13:11:50] [Client thread/WARN] [net.minecraft.client.audio.SoundManager]: Missing sound for event: minecraft:block.note.bellinecraftFormatting
[13:11:50] [Client thread/WARN] [net.minecraft.client.audio.SoundManager]: Missing sound for event: minecraft:block.note.chimeinecraftFormatting
[13:11:50] [Client thread/WARN] [net.minecraft.client.audio.SoundManager]: Missing sound for event: minecraft:block.note.fluteinecraftFormatting
[13:11:50] [Client thread/WARN] [net.minecraft.client.audio.SoundManager]: Missing sound for event: minecraft:block.note.guitarinecraftFormatting
[13:11:50] [Client thread/WARN] [net.minecraft.client.audio.SoundManager]: Missing sound for event: minecraft:block.note.harpinecraftFormatting
[13:11:50] [Client thread/WARN] [net.minecraft.client.audio.SoundManager]: Missing sound for event: minecraft:block.note.hatinecraftFormatting
[13:11:50] [Client thread/WARN] [net.minecraft.client.audio.SoundManager]: Missing sound for event: minecraft:block.note.plinginecraftFormatting
[13:11:50] [Client thread/WARN] [net.minecraft.client.audio.SoundManager]: Missing sound for event: minecraft:block.note.snareinecraftFormatting
[13:11:50] [Client thread/WARN] [net.minecraft.client.audio.SoundManager]: Missing sound for event: minecraft:block.note.xylophoneinecraftFormatting
[13:11:50] [Client thread/WARN] [net.minecraft.client.audio.SoundManager]: Missing sound for event: minecraft:block.piston.contractinecraftFormatting
[13:11:50] [Client thread/WARN] [net.minecraft.client.audio.SoundManager]: Missing sound for event: minecraft:block.piston.extendinecraftFormatting
[13:11:50] [Client thread/WARN] [net.minecraft.client.audio.SoundManager]: Missing sound for event: minecraft:block.portal.ambientinecraftFormatting
[13:11:50] [Client thread/WARN] [net.minecraft.client.audio.SoundManager]: Missing sound for event: minecraft:block.portal.travelinecraftFormatting
[13:11:50] [Client thread/WARN] [net.minecraft.client.audio.SoundManager]: Missing sound for event: minecraft:block.portal.triggerinecraftFormatting
[13:11:50] [Client thread/WARN] [net.minecraft.client.audio.SoundManager]: Missing sound for event: minecraft:block.redstone_torch.burnoutinecraftFormatting
[13:11:50] [Client thread/WARN] [net.minecraft.client.audio.SoundManager]: Missing sound for event: minecraft:block.sand.breakinecraftFormatting
[13:11:50] [Client thread/WARN] [net.minecraft.client.audio.SoundManager]: Missing sound for event: minecraft:block.sand.fallinecraftFormatting
[13:11:50] [Client thread/WARN] [net.minecraft.client.audio.SoundManager]: Missing sound for event: minecraft:block.sand.hitinecraftFormatting
[13:11:50] [Client thread/WARN] [net.minecraft.client.audio.SoundManager]: Missing sound for event: minecraft:block.sand.placeinecraftFormatting
[13:11:50] [Client thread/WARN] [net.minecraft.client.audio.SoundManager]: Missing sound for event: minecraft:block.sand.stepinecraftFormatting
[13:11:50] [Client thread/WARN] [net.minecraft.client.audio.SoundManager]: Missing sound for event: minecraft:block.shulker_box.closeinecraftFormatting
[13:11:50] [Client thread/WARN] [net.minecraft.client.audio.SoundManager]: Missing sound for event: minecraft:block.shulker_box.openinecraftFormatting
[13:11:50] [Client thread/WARN] [net.minecraft.client.audio.SoundManager]: Missing sound for event: minecraft:block.slime.breakinecraftFormatting
[13:11:50] [Client thread/WARN] [net.minecraft.client.audio.SoundManager]: Missing sound for event: minecraft:block.slime.fallinecraftFormatting
[13:11:50] [Client thread/WARN] [net.minecraft.client.audio.SoundManager]: Missing sound for event: minecraft:block.slime.hitinecraftFormatting
[13:11:50] [Client thread/WARN] [net.minecraft.client.audio.SoundManager]: Missing sound for event: minecraft:block.slime.placeinecraftFormatting
[13:11:50] [Client thread/WARN] [net.minecraft.client.audio.SoundManager]: Missing sound for event: minecraft:block.slime.stepinecraftFormatting
[13:11:50] [Client thread/WARN] [net.minecraft.client.audio.SoundManager]: Missing sound for event: minecraft:block.snow.breakinecraftFormatting
[13:11:50] [Client thread/WARN] [net.minecraft.client.audio.SoundManager]: Missing sound for event: minecraft:block.snow.fallinecraftFormatting
[13:11:50] [Client thread/WARN] [net.minecraft.client.audio.SoundManager]: Missing sound for event: minecraft:block.snow.hitinecraftFormatting
[13:11:50] [Client thread/WARN] [net.minecraft.client.audio.SoundManager]: Missing sound for event: minecraft:block.snow.placeinecraftFormatting
[13:11:50] [Client thread/WARN] [net.minecraft.client.audio.SoundManager]: Missing sound for event: minecraft:block.snow.stepinecraftFormatting
[13:11:50] [Client thread/WARN] [net.minecraft.client.audio.SoundManager]: Missing sound for event: minecraft:block.stone.breakinecraftFormatting
[13:11:50] [Client thread/WARN] [net.minecraft.client.audio.SoundManager]: Missing sound for event: minecraft:block.stone.fallinecraftFormatting
[13:11:50] [Client thread/WARN] [net.minecraft.client.audio.SoundManager]: Missing sound for event: minecraft:block.stone.hitinecraftFormatting
[13:11:50] [Client thread/WARN] [net.minecraft.client.audio.SoundManager]: Missing sound for event: minecraft:block.stone.placeinecraftFormatting
[13:11:50] [Client thread/WARN] [net.minecraft.client.audio.SoundManager]: Missing sound for event: minecraft:block.stone.stepinecraftFormatting
[13:11:50] [Client thread/WARN] [net.minecraft.client.audio.SoundManager]: Missing sound for event: minecraft:block.stone_button.click_offinecraftFormatting
[13:11:50] [Client thread/WARN] [net.minecraft.client.audio.SoundManager]: Missing sound for event: minecraft:block.stone_button.click_oninecraftFormatting
[13:11:50] [Client thread/WARN] [net.minecraft.client.audio.SoundManager]: Missing sound for event: minecraft:block.stone_pressureplate.click_offinecraftFormatting
[13:11:50] [Client thread/WARN] [net.minecraft.client.audio.SoundManager]: Missing sound for event: minecraft:block.stone_pressureplate.click_oninecraftFormatting
[13:11:50] [Client thread/WARN] [net.minecraft.client.audio.SoundManager]: Missing sound for event: minecraft:block.tripwire.attachinecraftFormatting
[13:11:50] [Client thread/WARN] [net.minecraft.client.audio.SoundManager]: Missing sound for event: minecraft:block.tripwire.click_offinecraftFormatting
[13:11:50] [Client thread/WARN] [net.minecraft.client.audio.SoundManager]: Missing sound for event: minecraft:block.tripwire.click_oninecraftFormatting
[13:11:50] [Client thread/WARN] [net.minecraft.client.audio.SoundManager]: Missing sound for event: minecraft:block.tripwire.detachinecraftFormatting
[13:11:50] [Client thread/WARN] [net.minecraft.client.audio.SoundManager]: Missing sound for event: minecraft:block.water.ambientinecraftFormatting
[13:11:50] [Client thread/WARN] [net.minecraft.client.audio.SoundManager]: Missing sound for event: minecraft:block.waterlily.placeinecraftFormatting
[13:11:50] [Client thread/WARN] [net.minecraft.client.audio.SoundManager]: Missing sound for event: minecraft:block.wood.breakinecraftFormatting
[13:11:50] [Client thread/WARN] [net.minecraft.client.audio.SoundManager]: Missing sound for event: minecraft:block.wood.fallinecraftFormatting
[13:11:50] [Client thread/WARN] [net.minecraft.client.audio.SoundManager]: Missing sound for event: minecraft:block.wood.hitinecraftFormatting
[13:11:50] [Client thread/WARN] [net.minecraft.client.audio.SoundManager]: Missing sound for event: minecraft:block.wood.placeinecraftFormatting
[13:11:50] [Client thread/WARN] [net.minecraft.client.audio.SoundManager]: Missing sound for event: minecraft:block.wood.stepinecraftFormatting
[13:11:50] [Client thread/WARN] [net.minecraft.client.audio.SoundManager]: Missing sound for event: minecraft:block.wood_button.click_offinecraftFormatting
[13:11:50] [Client thread/WARN] [net.minecraft.client.audio.SoundManager]: Missing sound for event: minecraft:block.wood_button.click_oninecraftFormatting
[13:11:50] [Client thread/WARN] [net.minecraft.client.audio.SoundManager]: Missing sound for event: minecraft:block.wood_pressureplate.click_offinecraftFormatting
[13:11:50] [Client thread/WARN] [net.minecraft.client.audio.SoundManager]: Missing sound for event: minecraft:block.wood_pressureplate.click_oninecraftFormatting
[13:11:50] [Client thread/WARN] [net.minecraft.client.audio.SoundManager]: Missing sound for event: minecraft:block.wooden_door.closeinecraftFormatting
[13:11:50] [Client thread/WARN] [net.minecraft.client.audio.SoundManager]: Missing sound for event: minecraft:block.wooden_door.openinecraftFormatting
[13:11:50] [Client thread/WARN] [net.minecraft.client.audio.SoundManager]: Missing sound for event: minecraft:block.wooden_trapdoor.closeinecraftFormatting
[13:11:50] [Client thread/WARN] [net.minecraft.client.audio.SoundManager]: Missing sound for event: minecraft:block.wooden_trapdoor.openinecraftFormatting
[13:11:50] [Client thread/WARN] [net.minecraft.client.audio.SoundManager]: Missing sound for event: minecraft:enchant.thorns.hitinecraftFormatting
[13:11:50] [Client thread/WARN] [net.minecraft.client.audio.SoundManager]: Missing sound for event: minecraft:entity.armorstand.breakinecraftFormatting
[13:11:50] [Client thread/WARN] [net.minecraft.client.audio.SoundManager]: Missing sound for event: minecraft:entity.armorstand.fallinecraftFormatting
[13:11:50] [Client thread/WARN] [net.minecraft.client.audio.SoundManager]: Missing sound for event: minecraft:entity.armorstand.hitinecraftFormatting
[13:11:50] [Client thread/WARN] [net.minecraft.client.audio.SoundManager]: Missing sound for event: minecraft:entity.armorstand.placeinecraftFormatting
[13:11:50] [Client thread/WARN] [net.minecraft.client.audio.SoundManager]: Missing sound for event: minecraft:entity.arrow.hitinecraftFormatting
[13:11:50] [Client thread/WARN] [net.minecraft.client.audio.SoundManager]: Missing sound for event: minecraft:entity.arrow.hit_playerinecraftFormatting
[13:11:50] [Client thread/WARN] [net.minecraft.client.audio.SoundManager]: Missing sound for event: minecraft:entity.arrow.shootinecraftFormatting
[13:11:50] [Client thread/WARN] [net.minecraft.client.audio.SoundManager]: Missing sound for event: minecraft:entity.bat.ambientinecraftFormatting
[13:11:50] [Client thread/WARN] [net.minecraft.client.audio.SoundManager]: Missing sound for event: minecraft:entity.bat.deathinecraftFormatting
[13:11:50] [Client thread/WARN] [net.minecraft.client.audio.SoundManager]: Missing sound for event: minecraft:entity.bat.hurtinecraftFormatting
[13:11:50] [Client thread/WARN] [net.minecraft.client.audio.SoundManager]: Missing sound for event: minecraft:entity.bat.loopinecraftFormatting
[13:11:50] [Client thread/WARN] [net.minecraft.client.audio.SoundManager]: Missing sound for event: minecraft:entity.bat.takeoffinecraftFormatting
[13:11:50] [Client thread/WARN] [net.minecraft.client.audio.SoundManager]: Missing sound for event: minecraft:entity.blaze.ambientinecraftFormatting
[13:11:50] [Client thread/WARN] [net.minecraft.client.audio.SoundManager]: Missing sound for event: minecraft:entity.blaze.burninecraftFormatting
[13:11:50] [Client thread/WARN] [net.minecraft.client.audio.SoundManager]: Missing sound for event: minecraft:entity.blaze.deathinecraftFormatting
[13:11:50] [Client thread/WARN] [net.minecraft.client.audio.SoundManager]: Missing sound for event: minecraft:entity.blaze.hurtinecraftFormatting
[13:11:50] [Client thread/WARN] [net.minecraft.client.audio.SoundManager]: Missing sound for event: minecraft:entity.blaze.shootinecraftFormatting
[13:11:50] [Client thread/WARN] [net.minecraft.client.audio.SoundManager]: Missing sound for event: minecraft:entity.boat.paddle_landinecraftFormatting
[13:11:50] [Client thread/WARN] [net.minecraft.client.audio.SoundManager]: Missing sound for event: minecraft:entity.boat.paddle_waterinecraftFormatting
[13:11:50] [Client thread/WARN] [net.minecraft.client.audio.SoundManager]: Missing sound for event: minecraft:entity.bobber.retrieveinecraftFormatting
[13:11:50] [Client thread/WARN] [net.minecraft.client.audio.SoundManager]: Missing sound for event: minecraft:entity.bobber.splashinecraftFormatting
[13:11:50] [Client thread/WARN] [net.minecraft.client.audio.SoundManager]: Missing sound for event: minecraft:entity.bobber.throwinecraftFormatting
[13:11:50] [Client thread/WARN] [net.minecraft.client.audio.SoundManager]: Missing sound for event: minecraft:entity.cat.ambientinecraftFormatting
[13:11:50] [Client thread/WARN] [net.minecraft.client.audio.SoundManager]: Missing sound for event: minecraft:entity.cat.deathinecraftFormatting
[13:11:50] [Client thread/WARN] [net.minecraft.client.audio.SoundManager]: Missing sound for event: minecraft:entity.cat.hissinecraftFormatting
[13:11:50] [Client thread/WARN] [net.minecraft.client.audio.SoundManager]: Missing sound for event: minecraft:entity.cat.hurtinecraftFormatting
[13:11:50] [Client thread/WARN] [net.minecraft.client.audio.SoundManager]: Missing sound for event: minecraft:entity.cat.purrinecraftFormatting
[13:11:50] [Client thread/WARN] [net.minecraft.client.audio.SoundManager]: Missing sound for event: minecraft:entity.cat.purreowinecraftFormatting
[13:11:50] [Client thread/WARN] [net.minecraft.client.audio.SoundManager]: Missing sound for event: minecraft:entity.chicken.ambientinecraftFormatting
[13:11:50] [Client thread/WARN] [net.minecraft.client.audio.SoundManager]: Missing sound for event: minecraft:entity.chicken.deathinecraftFormatting
[13:11:50] [Client thread/WARN] [net.minecraft.client.audio.SoundManager]: Missing sound for event: minecraft:entity.chicken.egginecraftFormatting
[13:11:50] [Client thread/WARN] [net.minecraft.client.audio.SoundManager]: Missing sound for event: minecraft:entity.chicken.hurtinecraftFormatting
[13:11:50] [Client thread/WARN] [net.minecraft.client.audio.SoundManager]: Missing sound for event: minecraft:entity.chicken.stepinecraftFormatting
[13:11:50] [Client thread/WARN] [net.minecraft.client.audio.SoundManager]: Missing sound for event: minecraft:entity.cow.ambientinecraftFormatting
[13:11:50] [Client thread/WARN] [net.minecraft.client.audio.SoundManager]: Missing sound for event: minecraft:entity.cow.deathinecraftFormatting
[13:11:50] [Client thread/WARN] [net.minecraft.client.audio.SoundManager]: Missing sound for event: minecraft:entity.cow.hurtinecraftFormatting
[13:11:50] [Client thread/WARN] [net.minecraft.client.audio.SoundManager]: Missing sound for event: minecraft:entity.cow.milkinecraftFormatting
[13:11:50] [Client thread/WARN] [net.minecraft.client.audio.SoundManager]: Missing sound for event: minecraft:entity.cow.stepinecraftFormatting
[13:11:50] [Client thread/WARN] [net.minecraft.client.audio.SoundManager]: Missing sound for event: minecraft:entity.creeper.deathinecraftFormatting
[13:11:50] [Client thread/WARN] [net.minecraft.client.audio.SoundManager]: Missing sound for event: minecraft:entity.creeper.hurtinecraftFormatting
[13:11:50] [Client thread/WARN] [net.minecraft.client.audio.SoundManager]: Missing sound for event: minecraft:entity.creeper.primedinecraftFormatting
[13:11:50] [Client thread/WARN] [net.minecraft.client.audio.SoundManager]: Missing sound for event: minecraft:entity.donkey.ambientinecraftFormatting
[13:11:50] [Client thread/WARN] [net.minecraft.client.audio.SoundManager]: Missing sound for event: minecraft:entity.donkey.angryinecraftFormatting
[13:11:50] [Client thread/WARN] [net.minecraft.client.audio.SoundManager]: Missing sound for event: minecraft:entity.donkey.chestinecraftFormatting
[13:11:50] [Client thread/WARN] [net.minecraft.client.audio.SoundManager]: Missing sound for event: minecraft:entity.donkey.deathinecraftFormatting
[13:11:50] [Client thread/WARN] [net.minecraft.client.audio.SoundManager]: Missing sound for event: minecraft:entity.donkey.hurtinecraftFormatting
[13:11:50] [Client thread/WARN] [net.minecraft.client.audio.SoundManager]: Missing sound for event: minecraft:entity.egg.throwinecraftFormatting
[13:11:50] [Client thread/WARN] [net.minecraft.client.audio.SoundManager]: Missing sound for event: minecraft:entity.elder_guardian.ambientinecraftFormatting
[13:11:50] [Client thread/WARN] [net.minecraft.client.audio.SoundManager]: Missing sound for event: minecraft:entity.elder_guardian.ambient_landinecraftFormatting
[13:11:50] [Client thread/WARN] [net.minecraft.client.audio.SoundManager]: Missing sound for event: minecraft:entity.elder_guardian.curseinecraftFormatting
[13:11:50] [Client thread/WARN] [net.minecraft.client.audio.SoundManager]: Missing sound for event: minecraft:entity.elder_guardian.deathinecraftFormatting
[13:11:50] [Client thread/WARN] [net.minecraft.client.audio.SoundManager]: Missing sound for event: minecraft:entity.elder_guardian.death_landinecraftFormatting
[13:11:50] [Client thread/WARN] [net.minecraft.client.audio.SoundManager]: Missing sound for event: minecraft:entity.elder_guardian.flopinecraftFormatting
[13:11:50] [Client thread/WARN] [net.minecraft.client.audio.SoundManager]: Missing sound for event: minecraft:entity.elder_guardian.hurtinecraftFormatting
[13:11:50] [Client thread/WARN] [net.minecraft.client.audio.SoundManager]: Missing sound for event: minecraft:entity.elder_guardian.hurt_landinecraftFormatting
[13:11:50] [Client thread/WARN] [net.minecraft.client.audio.SoundManager]: Missing sound for event: minecraft:entity.enderdragon.ambientinecraftFormatting
[13:11:50] [Client thread/WARN] [net.minecraft.client.audio.SoundManager]: Missing sound for event: minecraft:entity.enderdragon.deathinecraftFormatting
[13:11:50] [Client thread/WARN] [net.minecraft.client.audio.SoundManager]: Missing sound for event: minecraft:entity.enderdragon.flapinecraftFormatting
[13:11:50] [Client thread/WARN] [net.minecraft.client.audio.SoundManager]: Missing sound for event: minecraft:entity.enderdragon.growlinecraftFormatting
[13:11:50] [Client thread/WARN] [net.minecraft.client.audio.SoundManager]: Missing sound for event: minecraft:entity.enderdragon.hurtinecraftFormatting
[13:11:50] [Client thread/WARN] [net.minecraft.client.audio.SoundManager]: Missing sound for event: minecraft:entity.enderdragon.shootinecraftFormatting
[13:11:50] [Client thread/WARN] [net.minecraft.client.audio.SoundManager]: Missing sound for event: minecraft:entity.enderdragon_fireball.explodeinecraftFormatting
[13:11:50] [Client thread/WARN] [net.minecraft.client.audio.SoundManager]: Missing sound for event: minecraft:entity.endereye.deathinecraftFormatting
[13:11:50] [Client thread/WARN] [net.minecraft.client.audio.SoundManager]: Missing sound for event: minecraft:entity.endereye.launchinecraftFormatting
[13:11:50] [Client thread/WARN] [net.minecraft.client.audio.SoundManager]: Missing sound for event: minecraft:entity.endermen.ambientinecraftFormatting
[13:11:50] [Client thread/WARN] [net.minecraft.client.audio.SoundManager]: Missing sound for event: minecraft:entity.endermen.deathinecraftFormatting
[13:11:50] [Client thread/WARN] [net.minecraft.client.audio.SoundManager]: Missing sound for event: minecraft:entity.endermen.hurtinecraftFormatting
[13:11:50] [Client thread/WARN] [net.minecraft.client.audio.SoundManager]: Missing sound for event: minecraft:entity.endermen.screaminecraftFormatting
[13:11:50] [Client thread/WARN] [net.minecraft.client.audio.SoundManager]: Missing sound for event: minecraft:entity.endermen.stareinecraftFormatting
[13:11:50] [Client thread/WARN] [net.minecraft.client.audio.SoundManager]: Missing sound for event: minecraft:entity.endermen.teleportinecraftFormatting
[13:11:50] [Client thread/WARN] [net.minecraft.client.audio.SoundManager]: Missing sound for event: minecraft:entity.endermite.ambientinecraftFormatting
[13:11:50] [Client thread/WARN] [net.minecraft.client.audio.SoundManager]: Missing sound for event: minecraft:entity.endermite.deathinecraftFormatting
[13:11:50] [Client thread/WARN] [net.minecraft.client.audio.SoundManager]: Missing sound for event: minecraft:entity.endermite.hurtinecraftFormatting
[13:11:50] [Client thread/WARN] [net.minecraft.client.audio.SoundManager]: Missing sound for event: minecraft:entity.endermite.stepinecraftFormatting
[13:11:50] [Client thread/WARN] [net.minecraft.client.audio.SoundManager]: Missing sound for event: minecraft:entity.enderpearl.throwinecraftFormatting
[13:11:50] [Client thread/WARN] [net.minecraft.client.audio.SoundManager]: Missing sound for event: minecraft:entity.evocation_fangs.attackinecraftFormatting
[13:11:50] [Client thread/WARN] [net.minecraft.client.audio.SoundManager]: Missing sound for event: minecraft:entity.evocation_illager.ambientinecraftFormatting
[13:11:50] [Client thread/WARN] [net.minecraft.client.audio.SoundManager]: Missing sound for event: minecraft:entity.evocation_illager.cast_spellinecraftFormatting
[13:11:50] [Client thread/WARN] [net.minecraft.client.audio.SoundManager]: Missing sound for event: minecraft:entity.evocation_illager.deathinecraftFormatting
[13:11:50] [Client thread/WARN] [net.minecraft.client.audio.SoundManager]: Missing sound for event: minecraft:entity.evocation_illager.hurtinecraftFormatting
[13:11:50] [Client thread/WARN] [net.minecraft.client.audio.SoundManager]: Missing sound for event: minecraft:entity.evocation_illager.prepare_attackinecraftFormatting
[13:11:50] [Client thread/WARN] [net.minecraft.client.audio.SoundManager]: Missing sound for event: minecraft:entity.evocation_illager.prepare_summoninecraftFormatting
[13:11:50] [Client thread/WARN] [net.minecraft.client.audio.SoundManager]: Missing sound for event: minecraft:entity.evocation_illager.prepare_wololoinecraftFormatting
[13:11:50] [Client thread/WARN] [net.minecraft.client.audio.SoundManager]: Missing sound for event: minecraft:entity.experience_bottle.throwinecraftFormatting
[13:11:50] [Client thread/WARN] [net.minecraft.client.audio.SoundManager]: Missing sound for event: minecraft:entity.experience_orb.pickupinecraftFormatting
[13:11:50] [Client thread/WARN] [net.minecraft.client.audio.SoundManager]: Missing sound for event: minecraft:entity.firework.blastinecraftFormatting
[13:11:50] [Client thread/WARN] [net.minecraft.client.audio.SoundManager]: Missing sound for event: minecraft:entity.firework.blast_farinecraftFormatting
[13:11:50] [Client thread/WARN] [net.minecraft.client.audio.SoundManager]: Missing sound for event: minecraft:entity.firework.large_blastinecraftFormatting
[13:11:50] [Client thread/WARN] [net.minecraft.client.audio.SoundManager]: Missing sound for event: minecraft:entity.firework.large_blast_farinecraftFormatting
[13:11:50] [Client thread/WARN] [net.minecraft.client.audio.SoundManager]: Missing sound for event: minecraft:entity.firework.launchinecraftFormatting
[13:11:50] [Client thread/WARN] [net.minecraft.client.audio.SoundManager]: Missing sound for event: minecraft:entity.firework.shootinecraftFormatting
[13:11:50] [Client thread/WARN] [net.minecraft.client.audio.SoundManager]: Missing sound for event: minecraft:entity.firework.twinkleinecraftFormatting
[13:11:50] [Client thread/WARN] [net.minecraft.client.audio.SoundManager]: Missing sound for event: minecraft:entity.firework.twinkle_farinecraftFormatting
[13:11:50] [Client thread/WARN] [net.minecraft.client.audio.SoundManager]: Missing sound for event: minecraft:entity.generic.big_fallinecraftFormatting
[13:11:50] [Client thread/WARN] [net.minecraft.client.audio.SoundManager]: Missing sound for event: minecraft:entity.generic.burninecraftFormatting
[13:11:50] [Client thread/WARN] [net.minecraft.client.audio.SoundManager]: Missing sound for event: minecraft:entity.generic.deathinecraftFormatting
[13:11:50] [Client thread/WARN] [net.minecraft.client.audio.SoundManager]: Missing sound for event: minecraft:entity.generic.drinkinecraftFormatting
[13:11:50] [Client thread/WARN] [net.minecraft.client.audio.SoundManager]: Missing sound for event: minecraft:entity.generic.eatinecraftFormatting
[13:11:50] [Client thread/WARN] [net.minecraft.client.audio.SoundManager]: Missing sound for event: minecraft:entity.generic.explodeinecraftFormatting
[13:11:50] [Client thread/WARN] [net.minecraft.client.audio.SoundManager]: Missing sound for event: minecraft:entity.generic.extinguish_fireinecraftFormatting
[13:11:50] [Client thread/WARN] [net.minecraft.client.audio.SoundManager]: Missing sound for event: minecraft:entity.generic.hurtinecraftFormatting
[13:11:50] [Client thread/WARN] [net.minecraft.client.audio.SoundManager]: Missing sound for event: minecraft:entity.generic.small_fallinecraftFormatting
[13:11:50] [Client thread/WARN] [net.minecraft.client.audio.SoundManager]: Missing sound for event: minecraft:entity.generic.splashinecraftFormatting
[13:11:50] [Client thread/WARN] [net.minecraft.client.audio.SoundManager]: Missing sound for event: minecraft:entity.generic.swiminecraftFormatting
[13:11:50] [Client thread/WARN] [net.minecraft.client.audio.SoundManager]: Missing sound for event: minecraft:entity.ghast.ambientinecraftFormatting
[13:11:50] [Client thread/WARN] [net.minecraft.client.audio.SoundManager]: Missing sound for event: minecraft:entity.ghast.deathinecraftFormatting
[13:11:50] [Client thread/WARN] [net.minecraft.client.audio.SoundManager]: Missing sound for event: minecraft:entity.ghast.hurtinecraftFormatting
[13:11:50] [Client thread/WARN] [net.minecraft.client.audio.SoundManager]: Missing sound for event: minecraft:entity.ghast.screaminecraftFormatting
[13:11:50] [Client thread/WARN] [net.minecraft.client.audio.SoundManager]: Missing sound for event: minecraft:entity.ghast.shootinecraftFormatting
[13:11:50] [Client thread/WARN] [net.minecraft.client.audio.SoundManager]: Missing sound for event: minecraft:entity.ghast.warninecraftFormatting
[13:11:50] [Client thread/WARN] [net.minecraft.client.audio.SoundManager]: Missing sound for event: minecraft:entity.guardian.ambientinecraftFormatting
[13:11:50] [Client thread/WARN] [net.minecraft.client.audio.SoundManager]: Missing sound for event: minecraft:entity.guardian.ambient_landinecraftFormatting
[13:11:50] [Client thread/WARN] [net.minecraft.client.audio.SoundManager]: Missing sound for event: minecraft:entity.guardian.attackinecraftFormatting
[13:11:50] [Client thread/WARN] [net.minecraft.client.audio.SoundManager]: Missing sound for event: minecraft:entity.guardian.deathinecraftFormatting
[13:11:50] [Client thread/WARN] [net.minecraft.client.audio.SoundManager]: Missing sound for event: minecraft:entity.guardian.death_landinecraftFormatting
[13:11:50] [Client thread/WARN] [net.minecraft.client.audio.SoundManager]: Missing sound for event: minecraft:entity.guardian.flopinecraftFormatting
[13:11:50] [Client thread/WARN] [net.minecraft.client.audio.SoundManager]: Missing sound for event: minecraft:entity.guardian.hurtinecraftFormatting
[13:11:50] [Client thread/WARN] [net.minecraft.client.audio.SoundManager]: Missing sound for event: minecraft:entity.guardian.hurt_landinecraftFormatting
[13:11:50] [Client thread/WARN] [net.minecraft.client.audio.SoundManager]: Missing sound for event: minecraft:entity.horse.ambientinecraftFormatting
[13:11:50] [Client thread/WARN] [net.minecraft.client.audio.SoundManager]: Missing sound for event: minecraft:entity.horse.angryinecraftFormatting
[13:11:50] [Client thread/WARN] [net.minecraft.client.audio.SoundManager]: Missing sound for event: minecraft:entity.horse.armorinecraftFormatting
[13:11:50] [Client thread/WARN] [net.minecraft.client.audio.SoundManager]: Missing sound for event: minecraft:entity.horse.breatheinecraftFormatting
[13:11:50] [Client thread/WARN] [net.minecraft.client.audio.SoundManager]: Missing sound for event: minecraft:entity.horse.deathinecraftFormatting
[13:11:50] [Client thread/WARN] [net.minecraft.client.audio.SoundManager]: Missing sound for event: minecraft:entity.horse.eatinecraftFormatting
[13:11:50] [Client thread/WARN] [net.minecraft.client.audio.SoundManager]: Missing sound for event: minecraft:entity.horse.gallopinecraftFormatting
[13:11:50] [Client thread/WARN] [net.minecraft.client.audio.SoundManager]: Missing sound for event: minecraft:entity.horse.hurtinecraftFormatting
[13:11:50] [Client thread/WARN] [net.minecraft.client.audio.SoundManager]: Missing sound for event: minecraft:entity.horse.jumpinecraftFormatting
[13:11:50] [Client thread/WARN] [net.minecraft.client.audio.SoundManager]: Missing sound for event: minecraft:entity.horse.landinecraftFormatting
[13:11:50] [Client thread/WARN] [net.minecraft.client.audio.SoundManager]: Missing sound for event: minecraft:entity.horse.saddleinecraftFormatting
[13:11:50] [Client thread/WARN] [net.minecraft.client.audio.SoundManager]: Missing sound for event: minecraft:entity.horse.stepinecraftFormatting
[13:11:50] [Client thread/WARN] [net.minecraft.client.audio.SoundManager]: Missing sound for event: minecraft:entity.horse.step_woodinecraftFormatting
[13:11:50] [Client thread/WARN] [net.minecraft.client.audio.SoundManager]: Missing sound for event: minecraft:entity.hostile.big_fallinecraftFormatting
[13:11:50] [Client thread/WARN] [net.minecraft.client.audio.SoundManager]: Missing sound for event: minecraft:entity.hostile.deathinecraftFormatting
[13:11:50] [Client thread/WARN] [net.minecraft.client.audio.SoundManager]: Missing sound for event: minecraft:entity.hostile.hurtinecraftFormatting
[13:11:50] [Client thread/WARN] [net.minecraft.client.audio.SoundManager]: Missing sound for event: minecraft:entity.hostile.small_fallinecraftFormatting
[13:11:50] [Client thread/WARN] [net.minecraft.client.audio.SoundManager]: Missing sound for event: minecraft:entity.hostile.splashinecraftFormatting
[13:11:50] [Client thread/WARN] [net.minecraft.client.audio.SoundManager]: Missing sound for event: minecraft:entity.hostile.swiminecraftFormatting
[13:11:50] [Client thread/WARN] [net.minecraft.client.audio.SoundManager]: Missing sound for event: minecraft:entity.husk.ambientinecraftFormatting
[13:11:50] [Client thread/WARN] [net.minecraft.client.audio.SoundManager]: Missing sound for event: minecraft:entity.husk.deathinecraftFormatting
[13:11:50] [Client thread/WARN] [net.minecraft.client.audio.SoundManager]: Missing sound for event: minecraft:entity.husk.hurtinecraftFormatting
[13:11:50] [Client thread/WARN] [net.minecraft.client.audio.SoundManager]: Missing sound for event: minecraft:entity.husk.stepinecraftFormatting
[13:11:50] [Client thread/WARN] [net.minecraft.client.audio.SoundManager]: Missing sound for event: minecraft:entity.illusion_illager.ambientinecraftFormatting
[13:11:50] [Client thread/WARN] [net.minecraft.client.audio.SoundManager]: Missing sound for event: minecraft:entity.illusion_illager.cast_spellinecraftFormatting
[13:11:50] [Client thread/WARN] [net.minecraft.client.audio.SoundManager]: Missing sound for event: minecraft:entity.illusion_illager.deathinecraftFormatting
[13:11:50] [Client thread/WARN] [net.minecraft.client.audio.SoundManager]: Missing sound for event: minecraft:entity.illusion_illager.hurtinecraftFormatting
[13:11:50] [Client thread/WARN] [net.minecraft.client.audio.SoundManager]: Missing sound for event: minecraft:entity.illusion_illager.mirror_moveinecraftFormatting
[13:11:50] [Client thread/WARN] [net.minecraft.client.audio.SoundManager]: Missing sound for event: minecraft:entity.illusion_illager.prepare_blindnessinecraftFormatting
[13:11:50] [Client thread/WARN] [net.minecraft.client.audio.SoundManager]: Missing sound for event: minecraft:entity.illusion_illager.prepare_mirrorinecraftFormatting
[13:11:50] [Client thread/WARN] [net.minecraft.client.audio.SoundManager]: Missing sound for event: minecraft:entity.irongolem.attackinecraftFormatting
[13:11:50] [Client thread/WARN] [net.minecraft.client.audio.SoundManager]: Missing sound for event: minecraft:entity.irongolem.deathinecraftFormatting
[13:11:50] [Client thread/WARN] [net.minecraft.client.audio.SoundManager]: Missing sound for event: minecraft:entity.irongolem.hurtinecraftFormatting
[13:11:50] [Client thread/WARN] [net.minecraft.client.audio.SoundManager]: Missing sound for event: minecraft:entity.irongolem.stepinecraftFormatting
[13:11:50] [Client thread/WARN] [net.minecraft.client.audio.SoundManager]: Missing sound for event: minecraft:entity.item.breakinecraftFormatting
[13:11:50] [Client thread/WARN] [net.minecraft.client.audio.SoundManager]: Missing sound for event: minecraft:entity.item.pickupinecraftFormatting
[13:11:50] [Client thread/WARN] [net.minecraft.client.audio.SoundManager]: Missing sound for event: minecraft:entity.itemframe.add_iteminecraftFormatting
[13:11:50] [Client thread/WARN] [net.minecraft.client.audio.SoundManager]: Missing sound for event: minecraft:entity.itemframe.breakinecraftFormatting
[13:11:50] [Client thread/WARN] [net.minecraft.client.audio.SoundManager]: Missing sound for event: minecraft:entity.itemframe.placeinecraftFormatting
[13:11:50] [Client thread/WARN] [net.minecraft.client.audio.SoundManager]: Missing sound for event: minecraft:entity.itemframe.remove_iteminecraftFormatting
[13:11:50] [Client thread/WARN] [net.minecraft.client.audio.SoundManager]: Missing sound for event: minecraft:entity.itemframe.rotate_iteminecraftFormatting
[13:11:50] [Client thread/WARN] [net.minecraft.client.audio.SoundManager]: Missing sound for event: minecraft:entity.leashknot.breakinecraftFormatting
[13:11:50] [Client thread/WARN] [net.minecraft.client.audio.SoundManager]: Missing sound for event: minecraft:entity.leashknot.placeinecraftFormatting
[13:11:50] [Client thread/WARN] [net.minecraft.client.audio.SoundManager]: Missing sound for event: minecraft:entity.lightning.impactinecraftFormatting
[13:11:50] [Client thread/WARN] [net.minecraft.client.audio.SoundManager]: Missing sound for event: minecraft:entity.lightning.thunderinecraftFormatting
[13:11:50] [Client thread/WARN] [net.minecraft.client.audio.SoundManager]: Missing sound for event: minecraft:entity.lingeringpotion.throwinecraftFormatting
[13:11:50] [Client thread/WARN] [net.minecraft.client.audio.SoundManager]: Missing sound for event: minecraft:entity.llama.ambientinecraftFormatting
[13:11:50] [Client thread/WARN] [net.minecraft.client.audio.SoundManager]: Missing sound for event: minecraft:entity.llama.angryinecraftFormatting
[13:11:50] [Client thread/WARN] [net.minecraft.client.audio.SoundManager]: Missing sound for event: minecraft:entity.llama.chestinecraftFormatting
[13:11:50] [Client thread/WARN] [net.minecraft.client.audio.SoundManager]: Missing sound for event: minecraft:entity.llama.deathinecraftFormatting
[13:11:50] [Client thread/WARN] [net.minecraft.client.audio.SoundManager]: Missing sound for event: minecraft:entity.llama.eatinecraftFormatting
[13:11:50] [Client thread/WARN] [net.minecraft.client.audio.SoundManager]: Missing sound for event: minecraft:entity.llama.hurtinecraftFormatting
[13:11:50] [Client thread/WARN] [net.minecraft.client.audio.SoundManager]: Missing sound for event: minecraft:entity.llama.spitinecraftFormatting
[13:11:50] [Client thread/WARN] [net.minecraft.client.audio.SoundManager]: Missing sound for event: minecraft:entity.llama.stepinecraftFormatting
[13:11:50] [Client thread/WARN] [net.minecraft.client.audio.SoundManager]: Missing sound for event: minecraft:entity.llama.swaginecraftFormatting
[13:11:50] [Client thread/WARN] [net.minecraft.client.audio.SoundManager]: Missing sound for event: minecraft:entity.magmacube.deathinecraftFormatting
[13:11:50] [Client thread/WARN] [net.minecraft.client.audio.SoundManager]: Missing sound for event: minecraft:entity.magmacube.hurtinecraftFormatting
[13:11:50] [Client thread/WARN] [net.minecraft.client.audio.SoundManager]: Missing sound for event: minecraft:entity.magmacube.jumpinecraftFormatting
[13:11:50] [Client thread/WARN] [net.minecraft.client.audio.SoundManager]: Missing sound for event: minecraft:entity.magmacube.squishinecraftFormatting
[13:11:50] [Client thread/WARN] [net.minecraft.client.audio.SoundManager]: Missing sound for event: minecraft:entity.minecart.insideinecraftFormatting
[13:11:50] [Client thread/WARN] [net.minecraft.client.audio.SoundManager]: Missing sound for event: minecraft:entity.minecart.ridinginecraftFormatting
[13:11:50] [Client thread/WARN] [net.minecraft.client.audio.SoundManager]: Missing sound for event: minecraft:entity.mooshroom.shearinecraftFormatting
[13:11:50] [Client thread/WARN] [net.minecraft.client.audio.SoundManager]: Missing sound for event: minecraft:entity.mule.ambientinecraftFormatting
[13:11:50] [Client thread/WARN] [net.minecraft.client.audio.SoundManager]: Missing sound for event: minecraft:entity.mule.chestinecraftFormatting
[13:11:50] [Client thread/WARN] [net.minecraft.client.audio.SoundManager]: Missing sound for event: minecraft:entity.mule.deathinecraftFormatting
[13:11:50] [Client thread/WARN] [net.minecraft.client.audio.SoundManager]: Missing sound for event: minecraft:entity.mule.hurtinecraftFormatting
[13:11:50] [Client thread/WARN] [net.minecraft.client.audio.SoundManager]: Missing sound for event: minecraft:entity.painting.breakinecraftFormatting
[13:11:50] [Client thread/WARN] [net.minecraft.client.audio.SoundManager]: Missing sound for event: minecraft:entity.painting.placeinecraftFormatting
[13:11:50] [Client thread/WARN] [net.minecraft.client.audio.SoundManager]: Missing sound for event: minecraft:entity.parrot.ambientinecraftFormatting
[13:11:50] [Client thread/WARN] [net.minecraft.client.audio.SoundManager]: Missing sound for event: minecraft:entity.parrot.deathinecraftFormatting
[13:11:50] [Client thread/WARN] [net.minecraft.client.audio.SoundManager]: Missing sound for event: minecraft:entity.parrot.eatinecraftFormatting
[13:11:50] [Client thread/WARN] [net.minecraft.client.audio.SoundManager]: Missing sound for event: minecraft:entity.parrot.flyinecraftFormatting
[13:11:50] [Client thread/WARN] [net.minecraft.client.audio.SoundManager]: Missing sound for event: minecraft:entity.parrot.hurtinecraftFormatting
[13:11:50] [Client thread/WARN] [net.minecraft.client.audio.SoundManager]: Missing sound for event: minecraft:entity.parrot.imitate.blazeinecraftFormatting
[13:11:50] [Client thread/WARN] [net.minecraft.client.audio.SoundManager]: Missing sound for event: minecraft:entity.parrot.imitate.creeperinecraftFormatting
[13:11:50] [Client thread/WARN] [net.minecraft.client.audio.SoundManager]: Missing sound for event: minecraft:entity.parrot.imitate.elder_guardianinecraftFormatting
[13:11:50] [Client thread/WARN] [net.minecraft.client.audio.SoundManager]: Missing sound for event: minecraft:entity.parrot.imitate.enderdragoninecraftFormatting
[13:11:50] [Client thread/WARN] [net.minecraft.client.audio.SoundManager]: Missing sound for event: minecraft:entity.parrot.imitate.endermaninecraftFormatting
[13:11:50] [Client thread/WARN] [net.minecraft.client.audio.SoundManager]: Missing sound for event: minecraft:entity.parrot.imitate.endermiteinecraftFormatting
[13:11:50] [Client thread/WARN] [net.minecraft.client.audio.SoundManager]: Missing sound for event: minecraft:entity.parrot.imitate.evocation_illagerinecraftFormatting
[13:11:50] [Client thread/WARN] [net.minecraft.client.audio.SoundManager]: Missing sound for event: minecraft:entity.parrot.imitate.ghastinecraftFormatting
[13:11:50] [Client thread/WARN] [net.minecraft.client.audio.SoundManager]: Missing sound for event: minecraft:entity.parrot.imitate.huskinecraftFormatting
[13:11:50] [Client thread/WARN] [net.minecraft.client.audio.SoundManager]: Missing sound for event: minecraft:entity.parrot.imitate.illusion_illagerinecraftFormatting
[13:11:50] [Client thread/WARN] [net.minecraft.client.audio.SoundManager]: Missing sound for event: minecraft:entity.parrot.imitate.magmacubeinecraftFormatting
[13:11:50] [Client thread/WARN] [net.minecraft.client.audio.SoundManager]: Missing sound for event: minecraft:entity.parrot.imitate.polar_bearinecraftFormatting
[13:11:50] [Client thread/WARN] [net.minecraft.client.audio.SoundManager]: Missing sound for event: minecraft:entity.parrot.imitate.shulkerinecraftFormatting
[13:11:50] [Client thread/WARN] [net.minecraft.client.audio.SoundManager]: Missing sound for event: minecraft:entity.parrot.imitate.silverfishinecraftFormatting
[13:11:50] [Client thread/WARN] [net.minecraft.client.audio.SoundManager]: Missing sound for event: minecraft:entity.parrot.imitate.skeletoninecraftFormatting
[13:11:50] [Client thread/WARN] [net.minecraft.client.audio.SoundManager]: Missing sound for event: minecraft:entity.parrot.imitate.slimeinecraftFormatting
[13:11:50] [Client thread/WARN] [net.minecraft.client.audio.SoundManager]: Missing sound for event: minecraft:entity.parrot.imitate.spiderinecraftFormatting
[13:11:50] [Client thread/WARN] [net.minecraft.client.audio.SoundManager]: Missing sound for event: minecraft:entity.parrot.imitate.strayinecraftFormatting
[13:11:50] [Client thread/WARN] [net.minecraft.client.audio.SoundManager]: Missing sound for event: minecraft:entity.parrot.imitate.vexinecraftFormatting
[13:11:50] [Client thread/WARN] [net.minecraft.client.audio.SoundManager]: Missing sound for event: minecraft:entity.parrot.imitate.vindication_illagerinecraftFormatting
[13:11:50] [Client thread/WARN] [net.minecraft.client.audio.SoundManager]: Missing sound for event: minecraft:entity.parrot.imitate.witchinecraftFormatting
[13:11:50] [Client thread/WARN] [net.minecraft.client.audio.SoundManager]: Missing sound for event: minecraft:entity.parrot.imitate.witherinecraftFormatting
[13:11:50] [Client thread/WARN] [net.minecraft.client.audio.SoundManager]: Missing sound for event: minecraft:entity.parrot.imitate.wither_skeletoninecraftFormatting
[13:11:50] [Client thread/WARN] [net.minecraft.client.audio.SoundManager]: Missing sound for event: minecraft:entity.parrot.imitate.wolfinecraftFormatting
[13:11:50] [Client thread/WARN] [net.minecraft.client.audio.SoundManager]: Missing sound for event: minecraft:entity.parrot.imitate.zombieinecraftFormatting
[13:11:50] [Client thread/WARN] [net.minecraft.client.audio.SoundManager]: Missing sound for event: minecraft:entity.parrot.imitate.zombie_pigmaninecraftFormatting
[13:11:50] [Client thread/WARN] [net.minecraft.client.audio.SoundManager]: Missing sound for event: minecraft:entity.parrot.imitate.zombie_villagerinecraftFormatting
[13:11:50] [Client thread/WARN] [net.minecraft.client.audio.SoundManager]: Missing sound for event: minecraft:entity.parrot.stepinecraftFormatting
[13:11:50] [Client thread/WARN] [net.minecraft.client.audio.SoundManager]: Missing sound for event: minecraft:entity.pig.ambientinecraftFormatting
[13:11:50] [Client thread/WARN] [net.minecraft.client.audio.SoundManager]: Missing sound for event: minecraft:entity.pig.deathinecraftFormatting
[13:11:50] [Client thread/WARN] [net.minecraft.client.audio.SoundManager]: Missing sound for event: minecraft:entity.pig.hurtinecraftFormatting
[13:11:50] [Client thread/WARN] [net.minecraft.client.audio.SoundManager]: Missing sound for event: minecraft:entity.pig.saddleinecraftFormatting
[13:11:50] [Client thread/WARN] [net.minecraft.client.audio.SoundManager]: Missing sound for event: minecraft:entity.pig.stepinecraftFormatting
[13:11:50] [Client thread/WARN] [net.minecraft.client.audio.SoundManager]: Missing sound for event: minecraft:entity.player.attack.critinecraftFormatting
[13:11:50] [Client thread/WARN] [net.minecraft.client.audio.SoundManager]: Missing sound for event: minecraft:entity.player.attack.knockbackinecraftFormatting
[13:11:50] [Client thread/WARN] [net.minecraft.client.audio.SoundManager]: Missing sound for event: minecraft:entity.player.attack.nodamageinecraftFormatting
[13:11:50] [Client thread/WARN] [net.minecraft.client.audio.SoundManager]: Missing sound for event: minecraft:entity.player.attack.stronginecraftFormatting
[13:11:50] [Client thread/WARN] [net.minecraft.client.audio.SoundManager]: Missing sound for event: minecraft:entity.player.attack.sweepinecraftFormatting
[13:11:50] [Client thread/WARN] [net.minecraft.client.audio.SoundManager]: Missing sound for event: minecraft:entity.player.attack.weakinecraftFormatting
[13:11:50] [Client thread/WARN] [net.minecraft.client.audio.SoundManager]: Missing sound for event: minecraft:entity.player.big_fallinecraftFormatting
[13:11:50] [Client thread/WARN] [net.minecraft.client.audio.SoundManager]: Missing sound for event: minecraft:entity.player.breathinecraftFormatting
[13:11:50] [Client thread/WARN] [net.minecraft.client.audio.SoundManager]: Missing sound for event: minecraft:entity.player.burpinecraftFormatting
[13:11:50] [Client thread/WARN] [net.minecraft.client.audio.SoundManager]: Missing sound for event: minecraft:entity.player.deathinecraftFormatting
[13:11:50] [Client thread/WARN] [net.minecraft.client.audio.SoundManager]: Missing sound for event: minecraft:entity.player.hurtinecraftFormatting
[13:11:50] [Client thread/WARN] [net.minecraft.client.audio.SoundManager]: Missing sound for event: minecraft:entity.player.hurt_drowninecraftFormatting
[13:11:50] [Client thread/WARN] [net.minecraft.client.audio.SoundManager]: Missing sound for event: minecraft:entity.player.hurt_on_fireinecraftFormatting
[13:11:50] [Client thread/WARN] [net.minecraft.client.audio.SoundManager]: Missing sound for event: minecraft:entity.player.levelupinecraftFormatting
[13:11:50] [Client thread/WARN] [net.minecraft.client.audio.SoundManager]: Missing sound for event: minecraft:entity.player.small_fallinecraftFormatting
[13:11:50] [Client thread/WARN] [net.minecraft.client.audio.SoundManager]: Missing sound for event: minecraft:entity.player.splashinecraftFormatting
[13:11:50] [Client thread/WARN] [net.minecraft.client.audio.SoundManager]: Missing sound for event: minecraft:entity.player.swiminecraftFormatting
[13:11:50] [Client thread/WARN] [net.minecraft.client.audio.SoundManager]: Missing sound for event: minecraft:entity.polar_bear.ambientinecraftFormatting
[13:11:50] [Client thread/WARN] [net.minecraft.client.audio.SoundManager]: Missing sound for event: minecraft:entity.polar_bear.baby_ambientinecraftFormatting
[13:11:50] [Client thread/WARN] [net.minecraft.client.audio.SoundManager]: Missing sound for event: minecraft:entity.polar_bear.deathinecraftFormatting
[13:11:50] [Client thread/WARN] [net.minecraft.client.audio.SoundManager]: Missing sound for event: minecraft:entity.polar_bear.hurtinecraftFormatting
[13:11:50] [Client thread/WARN] [net.minecraft.client.audio.SoundManager]: Missing sound for event: minecraft:entity.polar_bear.stepinecraftFormatting
[13:11:50] [Client thread/WARN] [net.minecraft.client.audio.SoundManager]: Missing sound for event: minecraft:entity.polar_bear.warninginecraftFormatting
[13:11:50] [Client thread/WARN] [net.minecraft.client.audio.SoundManager]: Missing sound for event: minecraft:entity.rabbit.ambientinecraftFormatting
[13:11:50] [Client thread/WARN] [net.minecraft.client.audio.SoundManager]: Missing sound for event: minecraft:entity.rabbit.attackinecraftFormatting
[13:11:50] [Client thread/WARN] [net.minecraft.client.audio.SoundManager]: Missing sound for event: minecraft:entity.rabbit.deathinecraftFormatting
[13:11:50] [Client thread/WARN] [net.minecraft.client.audio.SoundManager]: Missing sound for event: minecraft:entity.rabbit.hurtinecraftFormatting
[13:11:50] [Client thread/WARN] [net.minecraft.client.audio.SoundManager]: Missing sound for event: minecraft:entity.rabbit.jumpinecraftFormatting
[13:11:50] [Client thread/WARN] [net.minecraft.client.audio.SoundManager]: Missing sound for event: minecraft:entity.sheep.ambientinecraftFormatting
[13:11:50] [Client thread/WARN] [net.minecraft.client.audio.SoundManager]: Missing sound for event: minecraft:entity.sheep.deathinecraftFormatting
[13:11:50] [Client thread/WARN] [net.minecraft.client.audio.SoundManager]: Missing sound for event: minecraft:entity.sheep.hurtinecraftFormatting
[13:11:50] [Client thread/WARN] [net.minecraft.client.audio.SoundManager]: Missing sound for event: minecraft:entity.sheep.shearinecraftFormatting
[13:11:50] [Client thread/WARN] [net.minecraft.client.audio.SoundManager]: Missing sound for event: minecraft:entity.sheep.stepinecraftFormatting
[13:11:50] [Client thread/WARN] [net.minecraft.client.audio.SoundManager]: Missing sound for event: minecraft:entity.shulker.ambientinecraftFormatting
[13:11:50] [Client thread/WARN] [net.minecraft.client.audio.SoundManager]: Missing sound for event: minecraft:entity.shulker.closeinecraftFormatting
[13:11:50] [Client thread/WARN] [net.minecraft.client.audio.SoundManager]: Missing sound for event: minecraft:entity.shulker.deathinecraftFormatting
[13:11:50] [Client thread/WARN] [net.minecraft.client.audio.SoundManager]: Missing sound for event: minecraft:entity.shulker.hurtinecraftFormatting
[13:11:50] [Client thread/WARN] [net.minecraft.client.audio.SoundManager]: Missing sound for event: minecraft:entity.shulker.hurt_closedinecraftFormatting
[13:11:50] [Client thread/WARN] [net.minecraft.client.audio.SoundManager]: Missing sound for event: minecraft:entity.shulker.openinecraftFormatting
[13:11:50] [Client thread/WARN] [net.minecraft.client.audio.SoundManager]: Missing sound for event: minecraft:entity.shulker.shootinecraftFormatting
[13:11:50] [Client thread/WARN] [net.minecraft.client.audio.SoundManager]: Missing sound for event: minecraft:entity.shulker.teleportinecraftFormatting
[13:11:50] [Client thread/WARN] [net.minecraft.client.audio.SoundManager]: Missing sound for event: minecraft:entity.shulker_bullet.hitinecraftFormatting
[13:11:50] [Client thread/WARN] [net.minecraft.client.audio.SoundManager]: Missing sound for event: minecraft:entity.shulker_bullet.hurtinecraftFormatting
[13:11:50] [Client thread/WARN] [net.minecraft.client.audio.SoundManager]: Missing sound for event: minecraft:entity.silverfish.ambientinecraftFormatting
[13:11:50] [Client thread/WARN] [net.minecraft.client.audio.SoundManager]: Missing sound for event: minecraft:entity.silverfish.deathinecraftFormatting
[13:11:50] [Client thread/WARN] [net.minecraft.client.audio.SoundManager]: Missing sound for event: minecraft:entity.silverfish.hurtinecraftFormatting
[13:11:50] [Client thread/WARN] [net.minecraft.client.audio.SoundManager]: Missing sound for event: minecraft:entity.silverfish.stepinecraftFormatting
[13:11:50] [Client thread/WARN] [net.minecraft.client.audio.SoundManager]: Missing sound for event: minecraft:entity.skeleton.ambientinecraftFormatting
[13:11:50] [Client thread/WARN] [net.minecraft.client.audio.SoundManager]: Missing sound for event: minecraft:entity.skeleton.deathinecraftFormatting
[13:11:50] [Client thread/WARN] [net.minecraft.client.audio.SoundManager]: Missing sound for event: minecraft:entity.skeleton.hurtinecraftFormatting
[13:11:50] [Client thread/WARN] [net.minecraft.client.audio.SoundManager]: Missing sound for event: minecraft:entity.skeleton.shootinecraftFormatting
[13:11:50] [Client thread/WARN] [net.minecraft.client.audio.SoundManager]: Missing sound for event: minecraft:entity.skeleton.stepinecraftFormatting
[13:11:50] [Client thread/WARN] [net.minecraft.client.audio.SoundManager]: Missing sound for event: minecraft:entity.skeleton_horse.ambientinecraftFormatting
[13:11:50] [Client thread/WARN] [net.minecraft.client.audio.SoundManager]: Missing sound for event: minecraft:entity.skeleton_horse.deathinecraftFormatting
[13:11:50] [Client thread/WARN] [net.minecraft.client.audio.SoundManager]: Missing sound for event: minecraft:entity.skeleton_horse.hurtinecraftFormatting
[13:11:50] [Client thread/WARN] [net.minecraft.client.audio.SoundManager]: Missing sound for event: minecraft:entity.slime.attackinecraftFormatting
[13:11:50] [Client thread/WARN] [net.minecraft.client.audio.SoundManager]: Missing sound for event: minecraft:entity.slime.deathinecraftFormatting
[13:11:50] [Client thread/WARN] [net.minecraft.client.audio.SoundManager]: Missing sound for event: minecraft:entity.slime.hurtinecraftFormatting
[13:11:50] [Client thread/WARN] [net.minecraft.client.audio.SoundManager]: Missing sound for event: minecraft:entity.slime.jumpinecraftFormatting
[13:11:50] [Client thread/WARN] [net.minecraft.client.audio.SoundManager]: Missing sound for event: minecraft:entity.slime.squishinecraftFormatting
[13:11:50] [Client thread/WARN] [net.minecraft.client.audio.SoundManager]: Missing sound for event: minecraft:entity.small_magmacube.deathinecraftFormatting
[13:11:50] [Client thread/WARN] [net.minecraft.client.audio.SoundManager]: Missing sound for event: minecraft:entity.small_magmacube.hurtinecraftFormatting
[13:11:50] [Client thread/WARN] [net.minecraft.client.audio.SoundManager]: Missing sound for event: minecraft:entity.small_magmacube.squishinecraftFormatting
[13:11:50] [Client thread/WARN] [net.minecraft.client.audio.SoundManager]: Missing sound for event: minecraft:entity.small_slime.deathinecraftFormatting
[13:11:50] [Client thread/WARN] [net.minecraft.client.audio.SoundManager]: Missing sound for event: minecraft:entity.small_slime.hurtinecraftFormatting
[13:11:50] [Client thread/WARN] [net.minecraft.client.audio.SoundManager]: Missing sound for event: minecraft:entity.small_slime.jumpinecraftFormatting
[13:11:50] [Client thread/WARN] [net.minecraft.client.audio.SoundManager]: Missing sound for event: minecraft:entity.small_slime.squishinecraftFormatting
[13:11:50] [Client thread/WARN] [net.minecraft.client.audio.SoundManager]: Missing sound for event: minecraft:entity.snowball.throwinecraftFormatting
[13:11:50] [Client thread/WARN] [net.minecraft.client.audio.SoundManager]: Missing sound for event: minecraft:entity.snowman.ambientinecraftFormatting
[13:11:50] [Client thread/WARN] [net.minecraft.client.audio.SoundManager]: Missing sound for event: minecraft:entity.snowman.deathinecraftFormatting
[13:11:50] [Client thread/WARN] [net.minecraft.client.audio.SoundManager]: Missing sound for event: minecraft:entity.snowman.hurtinecraftFormatting
[13:11:50] [Client thread/WARN] [net.minecraft.client.audio.SoundManager]: Missing sound for event: minecraft:entity.snowman.shootinecraftFormatting
[13:11:50] [Client thread/WARN] [net.minecraft.client.audio.SoundManager]: Missing sound for event: minecraft:entity.spider.ambientinecraftFormatting
[13:11:50] [Client thread/WARN] [net.minecraft.client.audio.SoundManager]: Missing sound for event: minecraft:entity.spider.deathinecraftFormatting
[13:11:50] [Client thread/WARN] [net.minecraft.client.audio.SoundManager]: Missing sound for event: minecraft:entity.spider.hurtinecraftFormatting
[13:11:50] [Client thread/WARN] [net.minecraft.client.audio.SoundManager]: Missing sound for event: minecraft:entity.spider.stepinecraftFormatting
[13:11:50] [Client thread/WARN] [net.minecraft.client.audio.SoundManager]: Missing sound for event: minecraft:entity.splash_potion.breakinecraftFormatting
[13:11:50] [Client thread/WARN] [net.minecraft.client.audio.SoundManager]: Missing sound for event: minecraft:entity.splash_potion.throwinecraftFormatting
[13:11:50] [Client thread/WARN] [net.minecraft.client.audio.SoundManager]: Missing sound for event: minecraft:entity.squid.ambientinecraftFormatting
[13:11:50] [Client thread/WARN] [net.minecraft.client.audio.SoundManager]: Missing sound for event: minecraft:entity.squid.deathinecraftFormatting
[13:11:50] [Client thread/WARN] [net.minecraft.client.audio.SoundManager]: Missing sound for event: minecraft:entity.squid.hurtinecraftFormatting
[13:11:50] [Client thread/WARN] [net.minecraft.client.audio.SoundManager]: Missing sound for event: minecraft:entity.stray.ambientinecraftFormatting
[13:11:50] [Client thread/WARN] [net.minecraft.client.audio.SoundManager]: Missing sound for event: minecraft:entity.stray.deathinecraftFormatting
[13:11:50] [Client thread/WARN] [net.minecraft.client.audio.SoundManager]: Missing sound for event: minecraft:entity.stray.hurtinecraftFormatting
[13:11:50] [Client thread/WARN] [net.minecraft.client.audio.SoundManager]: Missing sound for event: minecraft:entity.stray.stepinecraftFormatting
[13:11:50] [Client thread/WARN] [net.minecraft.client.audio.SoundManager]: Missing sound for event: minecraft:entity.tnt.primedinecraftFormatting
[13:11:50] [Client thread/WARN] [net.minecraft.client.audio.SoundManager]: Missing sound for event: minecraft:entity.vex.ambientinecraftFormatting
[13:11:50] [Client thread/WARN] [net.minecraft.client.audio.SoundManager]: Missing sound for event: minecraft:entity.vex.chargeinecraftFormatting
[13:11:50] [Client thread/WARN] [net.minecraft.client.audio.SoundManager]: Missing sound for event: minecraft:entity.vex.deathinecraftFormatting
[13:11:50] [Client thread/WARN] [net.minecraft.client.audio.SoundManager]: Missing sound for event: minecraft:entity.vex.hurtinecraftFormatting
[13:11:50] [Client thread/WARN] [net.minecraft.client.audio.SoundManager]: Missing sound for event: minecraft:entity.villager.ambientinecraftFormatting
[13:11:50] [Client thread/WARN] [net.minecraft.client.audio.SoundManager]: Missing sound for event: minecraft:entity.villager.deathinecraftFormatting
[13:11:50] [Client thread/WARN] [net.minecraft.client.audio.SoundManager]: Missing sound for event: minecraft:entity.villager.hurtinecraftFormatting
[13:11:50] [Client thread/WARN] [net.minecraft.client.audio.SoundManager]: Missing sound for event: minecraft:entity.villager.noinecraftFormatting
[13:11:50] [Client thread/WARN] [net.minecraft.client.audio.SoundManager]: Missing sound for event: minecraft:entity.villager.tradinginecraftFormatting
[13:11:50] [Client thread/WARN] [net.minecraft.client.audio.SoundManager]: Missing sound for event: minecraft:entity.villager.yesinecraftFormatting
[13:11:50] [Client thread/WARN] [net.minecraft.client.audio.SoundManager]: Missing sound for event: minecraft:entity.vindication_illager.ambientinecraftFormatting
[13:11:50] [Client thread/WARN] [net.minecraft.client.audio.SoundManager]: Missing sound for event: minecraft:entity.vindication_illager.deathinecraftFormatting
[13:11:50] [Client thread/WARN] [net.minecraft.client.audio.SoundManager]: Missing sound for event: minecraft:entity.vindication_illager.hurtinecraftFormatting
[13:11:50] [Client thread/WARN] [net.minecraft.client.audio.SoundManager]: Missing sound for event: minecraft:entity.witch.ambientinecraftFormatting
[13:11:50] [Client thread/WARN] [net.minecraft.client.audio.SoundManager]: Missing sound for event: minecraft:entity.witch.deathinecraftFormatting
[13:11:50] [Client thread/WARN] [net.minecraft.client.audio.SoundManager]: Missing sound for event: minecraft:entity.witch.drinkinecraftFormatting
[13:11:50] [Client thread/WARN] [net.minecraft.client.audio.SoundManager]: Missing sound for event: minecraft:entity.witch.hurtinecraftFormatting
[13:11:50] [Client thread/WARN] [net.minecraft.client.audio.SoundManager]: Missing sound for event: minecraft:entity.witch.throwinecraftFormatting
[13:11:50] [Client thread/WARN] [net.minecraft.client.audio.SoundManager]: Missing sound for event: minecraft:entity.wither.ambientinecraftFormatting
[13:11:50] [Client thread/WARN] [net.minecraft.client.audio.SoundManager]: Missing sound for event: minecraft:entity.wither.break_blockinecraftFormatting
[13:11:50] [Client thread/WARN] [net.minecraft.client.audio.SoundManager]: Missing sound for event: minecraft:entity.wither.deathinecraftFormatting
[13:11:50] [Client thread/WARN] [net.minecraft.client.audio.SoundManager]: Missing sound for event: minecraft:entity.wither.hurtinecraftFormatting
[13:11:50] [Client thread/WARN] [net.minecraft.client.audio.SoundManager]: Missing sound for event: minecraft:entity.wither.shootinecraftFormatting
[13:11:50] [Client thread/WARN] [net.minecraft.client.audio.SoundManager]: Missing sound for event: minecraft:entity.wither.spawninecraftFormatting
[13:11:50] [Client thread/WARN] [net.minecraft.client.audio.SoundManager]: Missing sound for event: minecraft:entity.wither_skeleton.ambientinecraftFormatting
[13:11:50] [Client thread/WARN] [net.minecraft.client.audio.SoundManager]: Missing sound for event: minecraft:entity.wither_skeleton.deathinecraftFormatting
[13:11:50] [Client thread/WARN] [net.minecraft.client.audio.SoundManager]: Missing sound for event: minecraft:entity.wither_skeleton.hurtinecraftFormatting
[13:11:50] [Client thread/WARN] [net.minecraft.client.audio.SoundManager]: Missing sound for event: minecraft:entity.wither_skeleton.stepinecraftFormatting
[13:11:50] [Client thread/WARN] [net.minecraft.client.audio.SoundManager]: Missing sound for event: minecraft:entity.wolf.ambientinecraftFormatting
[13:11:50] [Client thread/WARN] [net.minecraft.client.audio.SoundManager]: Missing sound for event: minecraft:entity.wolf.deathinecraftFormatting
[13:11:50] [Client thread/WARN] [net.minecraft.client.audio.SoundManager]: Missing sound for event: minecraft:entity.wolf.growlinecraftFormatting
[13:11:50] [Client thread/WARN] [net.minecraft.client.audio.SoundManager]: Missing sound for event: minecraft:entity.wolf.howlinecraftFormatting
[13:11:50] [Client thread/WARN] [net.minecraft.client.audio.SoundManager]: Missing sound for event: minecraft:entity.wolf.hurtinecraftFormatting
[13:11:50] [Client thread/WARN] [net.minecraft.client.audio.SoundManager]: Missing sound for event: minecraft:entity.wolf.pantinecraftFormatting
[13:11:50] [Client thread/WARN] [net.minecraft.client.audio.SoundManager]: Missing sound for event: minecraft:entity.wolf.shakeinecraftFormatting
[13:11:50] [Client thread/WARN] [net.minecraft.client.audio.SoundManager]: Missing sound for event: minecraft:entity.wolf.stepinecraftFormatting
[13:11:50] [Client thread/WARN] [net.minecraft.client.audio.SoundManager]: Missing sound for event: minecraft:entity.wolf.whineinecraftFormatting
[13:11:50] [Client thread/WARN] [net.minecraft.client.audio.SoundManager]: Missing sound for event: minecraft:entity.zombie.ambientinecraftFormatting
[13:11:50] [Client thread/WARN] [net.minecraft.client.audio.SoundManager]: Missing sound for event: minecraft:entity.zombie.attack_door_woodinecraftFormatting
[13:11:50] [Client thread/WARN] [net.minecraft.client.audio.SoundManager]: Missing sound for event: minecraft:entity.zombie.attack_iron_doorinecraftFormatting
[13:11:50] [Client thread/WARN] [net.minecraft.client.audio.SoundManager]: Missing sound for event: minecraft:entity.zombie.break_door_woodinecraftFormatting
[13:11:50] [Client thread/WARN] [net.minecraft.client.audio.SoundManager]: Missing sound for event: minecraft:entity.zombie.deathinecraftFormatting
[13:11:50] [Client thread/WARN] [net.minecraft.client.audio.SoundManager]: Missing sound for event: minecraft:entity.zombie.hurtinecraftFormatting
[13:11:50] [Client thread/WARN] [net.minecraft.client.audio.SoundManager]: Missing sound for event: minecraft:entity.zombie.infectinecraftFormatting
[13:11:50] [Client thread/WARN] [net.minecraft.client.audio.SoundManager]: Missing sound for event: minecraft:entity.zombie.stepinecraftFormatting
[13:11:50] [Client thread/WARN] [net.minecraft.client.audio.SoundManager]: Missing sound for event: minecraft:entity.zombie_horse.ambientinecraftFormatting
[13:11:50] [Client thread/WARN] [net.minecraft.client.audio.SoundManager]: Missing sound for event: minecraft:entity.zombie_horse.deathinecraftFormatting
[13:11:50] [Client thread/WARN] [net.minecraft.client.audio.SoundManager]: Missing sound for event: minecraft:entity.zombie_horse.hurtinecraftFormatting
[13:11:50] [Client thread/WARN] [net.minecraft.client.audio.SoundManager]: Missing sound for event: minecraft:entity.zombie_pig.ambientinecraftFormatting
[13:11:50] [Client thread/WARN] [net.minecraft.client.audio.SoundManager]: Missing sound for event: minecraft:entity.zombie_pig.angryinecraftFormatting
[13:11:50] [Client thread/WARN] [net.minecraft.client.audio.SoundManager]: Missing sound for event: minecraft:entity.zombie_pig.deathinecraftFormatting
[13:11:50] [Client thread/WARN] [net.minecraft.client.audio.SoundManager]: Missing sound for event: minecraft:entity.zombie_pig.hurtinecraftFormatting
[13:11:50] [Client thread/WARN] [net.minecraft.client.audio.SoundManager]: Missing sound for event: minecraft:entity.zombie_villager.ambientinecraftFormatting
[13:11:50] [Client thread/WARN] [net.minecraft.client.audio.SoundManager]: Missing sound for event: minecraft:entity.zombie_villager.convertedinecraftFormatting
[13:11:50] [Client thread/WARN] [net.minecraft.client.audio.SoundManager]: Missing sound for event: minecraft:entity.zombie_villager.cureinecraftFormatting
[13:11:50] [Client thread/WARN] [net.minecraft.client.audio.SoundManager]: Missing sound for event: minecraft:entity.zombie_villager.deathinecraftFormatting
[13:11:50] [Client thread/WARN] [net.minecraft.client.audio.SoundManager]: Missing sound for event: minecraft:entity.zombie_villager.hurtinecraftFormatting
[13:11:50] [Client thread/WARN] [net.minecraft.client.audio.SoundManager]: Missing sound for event: minecraft:entity.zombie_villager.stepinecraftFormatting
[13:11:50] [Client thread/WARN] [net.minecraft.client.audio.SoundManager]: Missing sound for event: minecraft:item.armor.equip_chaininecraftFormatting
[13:11:50] [Client thread/WARN] [net.minecraft.client.audio.SoundManager]: Missing sound for event: minecraft:item.armor.equip_diamondinecraftFormatting
[13:11:50] [Client thread/WARN] [net.minecraft.client.audio.SoundManager]: Missing sound for event: minecraft:item.armor.equip_elytrainecraftFormatting
[13:11:50] [Client thread/WARN] [net.minecraft.client.audio.SoundManager]: Missing sound for event: minecraft:item.armor.equip_genericinecraftFormatting
[13:11:50] [Client thread/WARN] [net.minecraft.client.audio.SoundManager]: Missing sound for event: minecraft:item.armor.equip_goldinecraftFormatting
[13:11:50] [Client thread/WARN] [net.minecraft.client.audio.SoundManager]: Missing sound for event: minecraft:item.armor.equip_ironinecraftFormatting
[13:11:50] [Client thread/WARN] [net.minecraft.client.audio.SoundManager]: Missing sound for event: minecraft:item.armor.equip_leatherinecraftFormatting
[13:11:50] [Client thread/WARN] [net.minecraft.client.audio.SoundManager]: Missing sound for event: minecraft:item.bottle.emptyinecraftFormatting
[13:11:50] [Client thread/WARN] [net.minecraft.client.audio.SoundManager]: Missing sound for event: minecraft:item.bottle.fillinecraftFormatting
[13:11:50] [Client thread/WARN] [net.minecraft.client.audio.SoundManager]: Missing sound for event: minecraft:item.bottle.fill_dragonbreathinecraftFormatting
[13:11:50] [Client thread/WARN] [net.minecraft.client.audio.SoundManager]: Missing sound for event: minecraft:item.bucket.emptyinecraftFormatting
[13:11:50] [Client thread/WARN] [net.minecraft.client.audio.SoundManager]: Missing sound for event: minecraft:item.bucket.empty_lavainecraftFormatting
[13:11:50] [Client thread/WARN] [net.minecraft.client.audio.SoundManager]: Missing sound for event: minecraft:item.bucket.fillinecraftFormatting
[13:11:50] [Client thread/WARN] [net.minecraft.client.audio.SoundManager]: Missing sound for event: minecraft:item.bucket.fill_lavainecraftFormatting
[13:11:50] [Client thread/WARN] [net.minecraft.client.audio.SoundManager]: Missing sound for event: minecraft:item.chorus_fruit.teleportinecraftFormatting
[13:11:50] [Client thread/WARN] [net.minecraft.client.audio.SoundManager]: Missing sound for event: minecraft:item.elytra.flyinginecraftFormatting
[13:11:50] [Client thread/WARN] [net.minecraft.client.audio.SoundManager]: Missing sound for event: minecraft:item.firecharge.useinecraftFormatting
[13:11:50] [Client thread/WARN] [net.minecraft.client.audio.SoundManager]: Missing sound for event: minecraft:item.flintandsteel.useinecraftFormatting
[13:11:50] [Client thread/WARN] [net.minecraft.client.audio.SoundManager]: Missing sound for event: minecraft:item.hoe.tillinecraftFormatting
[13:11:50] [Client thread/WARN] [net.minecraft.client.audio.SoundManager]: Missing sound for event: minecraft:item.shield.blockinecraftFormatting
[13:11:50] [Client thread/WARN] [net.minecraft.client.audio.SoundManager]: Missing sound for event: minecraft:item.shield.breakinecraftFormatting
[13:11:50] [Client thread/WARN] [net.minecraft.client.audio.SoundManager]: Missing sound for event: minecraft:item.shovel.flatteninecraftFormatting
[13:11:50] [Client thread/WARN] [net.minecraft.client.audio.SoundManager]: Missing sound for event: minecraft:item.totem.useinecraftFormatting
[13:11:50] [Client thread/WARN] [net.minecraft.client.audio.SoundManager]: Missing sound for event: minecraft:music.creativeinecraftFormatting
[13:11:50] [Client thread/WARN] [net.minecraft.client.audio.SoundManager]: Missing sound for event: minecraft:music.creditsinecraftFormatting
[13:11:50] [Client thread/WARN] [net.minecraft.client.audio.SoundManager]: Missing sound for event: minecraft:music.dragoninecraftFormatting
[13:11:50] [Client thread/WARN] [net.minecraft.client.audio.SoundManager]: Missing sound for event: minecraft:music.endinecraftFormatting
[13:11:50] [Client thread/WARN] [net.minecraft.client.audio.SoundManager]: Missing sound for event: minecraft:music.gameinecraftFormatting
[13:11:50] [Client thread/WARN] [net.minecraft.client.audio.SoundManager]: Missing sound for event: minecraft:music.menuinecraftFormatting
[13:11:50] [Client thread/WARN] [net.minecraft.client.audio.SoundManager]: Missing sound for event: minecraft:music.netherinecraftFormatting
[13:11:50] [Client thread/WARN] [net.minecraft.client.audio.SoundManager]: Missing sound for event: minecraft:record.11inecraftFormatting
[13:11:50] [Client thread/WARN] [net.minecraft.client.audio.SoundManager]: Missing sound for event: minecraft:record.13inecraftFormatting
[13:11:50] [Client thread/WARN] [net.minecraft.client.audio.SoundManager]: Missing sound for event: minecraft:record.blocksinecraftFormatting
[13:11:50] [Client thread/WARN] [net.minecraft.client.audio.SoundManager]: Missing sound for event: minecraft:record.catinecraftFormatting
[13:11:50] [Client thread/WARN] [net.minecraft.client.audio.SoundManager]: Missing sound for event: minecraft:record.chirpinecraftFormatting
[13:11:50] [Client thread/WARN] [net.minecraft.client.audio.SoundManager]: Missing sound for event: minecraft:record.farinecraftFormatting
[13:11:50] [Client thread/WARN] [net.minecraft.client.audio.SoundManager]: Missing sound for event: minecraft:record.mallinecraftFormatting
[13:11:50] [Client thread/WARN] [net.minecraft.client.audio.SoundManager]: Missing sound for event: minecraft:record.mellohiinecraftFormatting
[13:11:50] [Client thread/WARN] [net.minecraft.client.audio.SoundManager]: Missing sound for event: minecraft:record.stalinecraftFormatting
[13:11:50] [Client thread/WARN] [net.minecraft.client.audio.SoundManager]: Missing sound for event: minecraft:record.stradinecraftFormatting
[13:11:50] [Client thread/WARN] [net.minecraft.client.audio.SoundManager]: Missing sound for event: minecraft:record.waitinecraftFormatting
[13:11:50] [Client thread/WARN] [net.minecraft.client.audio.SoundManager]: Missing sound for event: minecraft:record.wardinecraftFormatting
[13:11:50] [Client thread/WARN] [net.minecraft.client.audio.SoundManager]: Missing sound for event: minecraft:ui.button.clickinecraftFormatting
[13:11:50] [Client thread/WARN] [net.minecraft.client.audio.SoundManager]: Missing sound for event: minecraft:ui.toast.ininecraftFormatting
[13:11:50] [Client thread/WARN] [net.minecraft.client.audio.SoundManager]: Missing sound for event: minecraft:ui.toast.outinecraftFormatting
[13:11:50] [Client thread/WARN] [net.minecraft.client.audio.SoundManager]: Missing sound for event: minecraft:ui.toast.challenge_completeinecraftFormatting
[13:11:50] [Client thread/WARN] [net.minecraft.client.audio.SoundManager]: Missing sound for event: minecraft:weather.raininecraftFormatting
[13:11:50] [Client thread/WARN] [net.minecraft.client.audio.SoundManager]: Missing sound for event: minecraft:weather.rain.aboveinecraftFormatting
[13:11:50] [Client thread/DEBUG] [FML]: Bar Finished: Loading Resource - SoundHandler took 0.015sinecraftFormatting
[13:11:50] [Sound Library Loader/INFO] [net.minecraft.client.audio.SoundManager]: Starting up SoundSystem...inecraftFormatting
[13:11:50] [Client thread/DEBUG] [FML]: Bar Finished: Loading Resource - FontRenderer took 0.002sinecraftFormatting
[13:11:50] [Client thread/DEBUG] [FML]: Bar Finished: Loading Resource - FontRenderer took 0.002sinecraftFormatting
[13:11:50] [Client thread/DEBUG] [FML]: Bar Finished: Loading Resource - GrassColorReloadListener took 0.005sinecraftFormatting
[13:11:50] [Client thread/DEBUG] [FML]: Bar Finished: Loading Resource - FoliageColorReloadListener took 0.004sinecraftFormatting
[13:11:50] [Client thread/DEBUG] [FML]: Bar Step: Rendering Setup - GL Setup took 0.000sinecraftFormatting
[13:11:50] [Client thread/DEBUG] [FML]: Bar Step: Rendering Setup - Loading Texture Map took 0.003sinecraftFormatting
[13:11:50] [Client thread/DEBUG] [FML]: Bar Finished: Loading Resource - B3DLoader took 0.000sinecraftFormatting
[13:11:50] [Client thread/DEBUG] [FML]: Bar Finished: Loading Resource - OBJLoader took 0.000sinecraftFormatting
[13:11:50] [Client thread/DEBUG] [FML]: Bar Finished: Loading Resource - ModelFluid$FluidLoader took 0.000sinecraftFormatting
[13:11:50] [Client thread/DEBUG] [FML]: Bar Finished: Loading Resource - ItemLayerModel$Loader took 0.000sinecraftFormatting
[13:11:50] [Client thread/DEBUG] [FML]: Bar Finished: Loading Resource - MultiLayerModel$Loader took 0.000sinecraftFormatting
[13:11:50] [Client thread/DEBUG] [FML]: Bar Finished: Loading Resource - ModelDynBucket$LoaderDynBucket took 0.000sinecraftFormatting
[13:11:50] [Thread-5/INFO] [net.minecraft.client.audio.SoundManager]: Initializing LWJGL OpenALinecraftFormatting
[13:11:50] [Thread-5/INFO] [net.minecraft.client.audio.SoundManager]: (The LWJGL binding of OpenAL.  For more information, see http://www.lwjgl.org)inecraftFormatting
[13:11:50] [Thread-5/INFO] [net.minecraft.client.audio.SoundManager]: OpenAL initialized.inecraftFormatting
[13:11:51] [Sound Library Loader/INFO] [net.minecraft.client.audio.SoundManager]: Sound engine startedinecraftFormatting
[13:11:51] [Client thread/DEBUG] [FML]: Bar Finished: ModelLoader: blocks took 0.972sinecraftFormatting
[13:11:51] [Thread-3/INFO] [FML]: Using sync timing. 200 frames of Display.update took 65557200 nanosinecraftFormatting
[13:11:51] [Forge Version Check/DEBUG] [forge.VersionCheck]: [forge] Received version check data:
{
  "homepage": "https://files.minecraftforge.net/net/minecraftforge/forge/",
  "promos": {
    "1.1-latest": "1.3.4.29",
    "1.2.3-latest": "1.4.1.64",
    "1.2.4-latest": "2.0.0.68",
    "1.2.5-latest": "3.4.9.171",
    "1.3.2-latest": "4.3.5.318",
    "1.4.0-latest": "5.0.0.326",
    "1.4.1-latest": "6.0.0.329",
    "1.4.2-latest": "6.0.1.355",
    "1.4.3-latest": "6.2.1.358",
    "1.4.4-latest": "6.3.0.378",
    "1.4.5-latest": "6.4.2.448",
    "1.4.6-latest": "6.5.0.489",
    "1.4.7-latest": "6.6.2.534",
    "1.5-latest": "7.7.0.598",
    "1.5.1-latest": "7.7.2.682",
    "1.5.2-latest": "7.8.1.738",
    "1.5.2-recommended": "7.8.1.738",
    "1.6.1-latest": "8.9.0.775",
    "1.6.2-latest": "9.10.1.871",
    "1.6.2-recommended": "9.10.1.871",
    "1.6.3-latest": "9.11.0.878",
    "1.6.4-latest": "9.11.1.1345",
    "1.6.4-recommended": "9.11.1.1345",
    "1.7.2-latest": "10.12.2.1161",
    "1.7.2-recommended": "10.12.2.1161",
    "1.7.10-latest": "10.13.4.1614",
    "1.7.10-recommended": "10.13.4.1614",
    "1.8-latest": "11.14.4.1577",
    "1.8-recommended": "11.14.4.1563",
    "1.8.8-latest": "11.15.0.1655",
    "1.8.9-latest": "11.15.1.2318",
    "1.8.9-recommended": "11.15.1.2318",
    "1.9-latest": "12.16.1.1938",
    "1.9-recommended": "12.16.1.1887",
    "1.9.4-latest": "12.17.0.2317",
    "1.9.4-recommended": "12.17.0.2317",
    "1.10-latest": "12.18.0.2000",
    "1.10.2-latest": "12.18.3.2511",
    "1.10.2-recommended": "12.18.3.2511",
    "1.11-latest": "13.19.1.2199",
    "1.11-recommended": "13.19.1.2189",
    "1.11.2-latest": "13.20.1.2588",
    "1.11.2-recommended": "13.20.1.2588",
    "1.12-latest": "14.21.1.2443",
    "1.12-recommended": "14.21.1.2387",
    "1.12.1-latest": "14.22.1.2485",
    "1.12.1-recommended": "14.22.1.2478",
    "1.12.2-latest": "14.23.5.2864",
    "1.12.2-recommended": "14.23.5.2859",
    "1.13.2-latest": "25.0.223",
    "1.14.2-latest": "26.0.63",
    "1.14.3-latest": "27.0.60",
    "1.14.4-latest": "28.2.30",
    "1.14.4-recommended": "28.2.26",
    "1.15-latest": "29.0.4",
    "1.15.1-latest": "30.0.51",
    "1.15.2-latest": "31.2.62",
    "1.15.2-recommended": "31.2.57",
    "1.16.1-latest": "32.0.108",
    "1.16.2-latest": "33.0.61",
    "1.16.3-latest": "34.1.42",
    "1.16.3-recommended": "34.1.0",
    "1.16.4-latest": "35.1.37",
    "1.16.4-recommended": "35.1.4",
    "1.16.5-latest": "36.2.42",
    "1.16.5-recommended": "36.2.34",
    "1.17.1-latest": "37.1.1",
    "1.17.1-recommended": "37.1.1",
    "1.18-latest": "38.0.17",
    "1.18.1-latest": "39.1.2",
    "1.18.1-recommended": "39.1.0",
    "1.18.2-recommended": "40.3.0",
    "1.18.2-latest": "40.3.12",
    "1.19-latest": "41.1.0",
    "1.19-recommended": "41.1.0",
    "1.19.1-latest": "42.0.9",
    "1.19.2-recommended": "43.5.0",
    "1.19.2-latest": "43.5.2",
    "1.19.3-latest": "44.1.23",
    "1.19.3-recommended": "44.1.0",
    "1.19.4-recommended": "45.4.0",
    "1.19.4-latest": "45.4.5",
    "1.20-latest": "46.0.14",
    "1.20.1-recommended": "47.4.10",
    "1.20.1-latest": "47.4.23",
    "1.20.2-latest": "48.1.0",
    "1.20.2-recommended": "48.1.0",
    "1.20.3-latest": "49.0.2",
    "1.20.4-latest": "49.2.8",
    "1.20.4-recommended": "49.2.0",
    "1.20.6-latest": "50.2.10",
    "1.20.6-recommended": "50.2.0",
    "1.21-latest": "51.0.33",
    "1.21.1-latest": "52.1.16",
    "1.21.1-recommended": "52.1.0",
    "1.21.3-latest": "53.1.12",
    "1.21.3-recommended": "53.1.0",
    "1.21.4-latest": "54.1.18",
    "1.21.4-recommended": "54.1.14",
    "1.21.5-latest": "55.1.13",
    "1.21.5-recommended": "55.1.0",
    "1.21.6-latest": "56.0.9",
    "1.21.7-latest": "57.0.3",
    "1.21.8-latest": "58.1.22",
    "1.21.8-recommended": "58.1.0",
    "1.21.9-latest": "59.0.5",
    "1.21.10-latest": "60.1.15",
    "1.21.10-recommended": "60.1.0",
    "1.21.11-latest": "61.2.1",
    "1.21.11-recommended": "61.2.0",
    "26.1-latest": "62.0.9",
    "26.1.1-latest": "63.0.2",
    "26.1.2-latest": "64.1.3",
    "26.1.2-recommended": "64.1.0",
    "26.2-latest": "65.1.3",
    "26.2-recommended": "65.1.0"
  }
}inecraftFormatting
[13:11:51] [Forge Version Check/INFO] [forge.VersionCheck]: [forge] Found status: OUTDATED Target: 14.23.5.2859inecraftFormatting
[13:11:52] [Client thread/DEBUG] [FML]: Bar Finished: ModelLoader: items took 0.360sinecraftFormatting
[13:11:52] [Client thread/INFO] [FML]: Max texture size: 16384inecraftFormatting
[13:11:52] [Client thread/DEBUG] [FML]: Bar Finished: Texture stitching took 0.142sinecraftFormatting
[13:11:52] [Client thread/DEBUG] [FML]: Bar Finished: Texture stitching took 0.014sinecraftFormatting
[13:11:52] [Client thread/INFO] [net.minecraft.client.renderer.texture.TextureMap]: Created: 512x512 textures-atlasinecraftFormatting
[13:11:52] [Client thread/DEBUG] [FML]: Bar Finished: Texture creation took 0.016sinecraftFormatting
[13:11:52] [Client thread/DEBUG] [FML]: Bar Finished: Texture mipmap and upload took 0.016sinecraftFormatting
[13:11:52] [Client thread/DEBUG] [FML]: Bar Finished: ModelLoader: baking took 0.233sinecraftFormatting
[13:11:52] [Client thread/DEBUG] [FML]: Bar Finished: Loading Resource - ModelManager took 1.812sinecraftFormatting
[13:11:52] [Client thread/DEBUG] [FML]: Bar Step: Rendering Setup - Loading Model Manager took 1.839sinecraftFormatting
[13:11:52] [Client thread/DEBUG] [FML]: Bar Finished: Loading Resource - RenderItem took 0.005sinecraftFormatting
[13:11:52] [Client thread/DEBUG] [FML]: Bar Step: Rendering Setup - Loading Item Renderer took 0.082sinecraftFormatting
[13:11:52] [Client thread/DEBUG] [FML]: Bar Finished: Loading Resource - EntityRenderer took 0.000sinecraftFormatting
[13:11:52] [Client thread/DEBUG] [FML]: Bar Finished: Loading Resource - BlockRendererDispatcher took 0.000sinecraftFormatting
[13:11:52] [Client thread/DEBUG] [FML]: Bar Finished: Loading Resource - RenderGlobal took 0.000sinecraftFormatting
[13:11:52] [Client thread/DEBUG] [FML]: Bar Finished: Loading Resource - SearchTreeManager took 0.059sinecraftFormatting
[13:11:52] [Client thread/DEBUG] [FML]: Bar Step: Rendering Setup - Loading Entity Renderer took 0.169sinecraftFormatting
[13:11:52] [Client thread/DEBUG] [FML]: Bar Finished: Rendering Setup took 2.093sinecraftFormatting
[13:11:52] [Client thread/INFO] [FML]: Applying holder lookupsinecraftFormatting
[13:11:52] [Client thread/INFO] [FML]: Holder lookups appliedinecraftFormatting
[13:11:52] [Client thread/TRACE] [FML]: Sending event FMLInitializationEvent to mod minecraftinecraftFormatting
[13:11:52] [Client thread/TRACE] [FML]: Sent event FMLInitializationEvent to mod minecraftinecraftFormatting
[13:11:52] [Client thread/DEBUG] [FML]: Bar Step: Initialization - Minecraft took 0.000sinecraftFormatting
[13:11:52] [Client thread/TRACE] [FML]: Sending event FMLInitializationEvent to mod mcpinecraftFormatting
[13:11:52] [Client thread/TRACE] [FML]: Sent event FMLInitializationEvent to mod mcpinecraftFormatting
[13:11:52] [Client thread/DEBUG] [FML]: Bar Step: Initialization - Minecraft Coder Pack took 0.000sinecraftFormatting
[13:11:52] [Client thread/TRACE] [FML]: Sending event FMLInitializationEvent to mod FMLinecraftFormatting
[13:11:52] [Client thread/TRACE] [FML]: Sent event FMLInitializationEvent to mod FMLinecraftFormatting
[13:11:52] [Client thread/DEBUG] [FML]: Bar Step: Initialization - Forge Mod Loader took 0.000sinecraftFormatting
[13:11:52] [Client thread/TRACE] [FML]: Sending event FMLInitializationEvent to mod forgeinecraftFormatting
[13:11:52] [Client thread/TRACE] [FML]: Sent event FMLInitializationEvent to mod forgeinecraftFormatting
[13:11:52] [Client thread/DEBUG] [FML]: Bar Step: Initialization - Minecraft Forge took 0.000sinecraftFormatting
[13:11:52] [Client thread/TRACE] [FML]: Sending event FMLInitializationEvent to mod carsinecraftFormatting
[13:11:52] [Client thread/INFO] [STDOUT]: [com.cars.project.Cars:init:10]: Hello from Legacy Forge!inecraftFormatting
[13:11:52] [Client thread/TRACE] [FML]: Sent event FMLInitializationEvent to mod carsinecraftFormatting
[13:11:52] [Client thread/DEBUG] [FML]: Bar Step: Initialization - Cars took 0.000sinecraftFormatting
[13:11:52] [Client thread/DEBUG] [FML]: Bar Finished: Initialization took 0.001sinecraftFormatting
[13:11:52] [Client thread/TRACE] [FML]: Attempting to deliver 0 IMC messages to mod minecraftinecraftFormatting
[13:11:52] [Client thread/TRACE] [FML]: Sending event IMCEvent to mod minecraftinecraftFormatting
[13:11:52] [Client thread/TRACE] [FML]: Sent event IMCEvent to mod minecraftinecraftFormatting
[13:11:52] [Client thread/DEBUG] [FML]: Bar Step: InterModComms$IMC - Minecraft took 0.002sinecraftFormatting
[13:11:52] [Client thread/TRACE] [FML]: Attempting to deliver 0 IMC messages to mod mcpinecraftFormatting
[13:11:52] [Client thread/TRACE] [FML]: Sending event IMCEvent to mod mcpinecraftFormatting
[13:11:52] [Client thread/TRACE] [FML]: Sent event IMCEvent to mod mcpinecraftFormatting
[13:11:52] [Client thread/DEBUG] [FML]: Bar Step: InterModComms$IMC - Minecraft Coder Pack took 0.000sinecraftFormatting
[13:11:52] [Client thread/TRACE] [FML]: Attempting to deliver 0 IMC messages to mod FMLinecraftFormatting
[13:11:52] [Client thread/TRACE] [FML]: Sending event IMCEvent to mod FMLinecraftFormatting
[13:11:52] [Client thread/TRACE] [FML]: Sent event IMCEvent to mod FMLinecraftFormatting
[13:11:52] [Client thread/DEBUG] [FML]: Bar Step: InterModComms$IMC - Forge Mod Loader took 0.000sinecraftFormatting
[13:11:52] [Client thread/TRACE] [FML]: Attempting to deliver 0 IMC messages to mod forgeinecraftFormatting
[13:11:52] [Client thread/TRACE] [FML]: Sending event IMCEvent to mod forgeinecraftFormatting
[13:11:52] [Client thread/TRACE] [FML]: Sent event IMCEvent to mod forgeinecraftFormatting
[13:11:52] [Client thread/DEBUG] [FML]: Bar Step: InterModComms$IMC - Minecraft Forge took 0.000sinecraftFormatting
[13:11:52] [Client thread/TRACE] [FML]: Attempting to deliver 0 IMC messages to mod carsinecraftFormatting
[13:11:52] [Client thread/TRACE] [FML]: Sending event IMCEvent to mod carsinecraftFormatting
[13:11:52] [Client thread/TRACE] [FML]: Sent event IMCEvent to mod carsinecraftFormatting
[13:11:52] [Client thread/DEBUG] [FML]: Bar Step: InterModComms$IMC - Cars took 0.000sinecraftFormatting
[13:11:52] [Client thread/DEBUG] [FML]: Bar Finished: InterModComms$IMC took 0.002sinecraftFormatting
[13:11:52] [Client thread/INFO] [FML]: Injecting itemstacksinecraftFormatting
[13:11:52] [Client thread/INFO] [FML]: Itemstack injection completeinecraftFormatting
[13:11:52] [Client thread/TRACE] [FML]: Sending event FMLPostInitializationEvent to mod minecraftinecraftFormatting
[13:11:52] [Client thread/TRACE] [FML]: Sent event FMLPostInitializationEvent to mod minecraftinecraftFormatting
[13:11:52] [Client thread/DEBUG] [FML]: Bar Step: PostInitialization - Minecraft took 0.000sinecraftFormatting
[13:11:52] [Client thread/TRACE] [FML]: Sending event FMLPostInitializationEvent to mod mcpinecraftFormatting
[13:11:52] [Client thread/TRACE] [FML]: Sent event FMLPostInitializationEvent to mod mcpinecraftFormatting
[13:11:52] [Client thread/DEBUG] [FML]: Bar Step: PostInitialization - Minecraft Coder Pack took 0.000sinecraftFormatting
[13:11:52] [Client thread/TRACE] [FML]: Sending event FMLPostInitializationEvent to mod FMLinecraftFormatting
[13:11:52] [Client thread/TRACE] [FML]: Sent event FMLPostInitializationEvent to mod FMLinecraftFormatting
[13:11:52] [Client thread/DEBUG] [FML]: Bar Step: PostInitialization - Forge Mod Loader took 0.000sinecraftFormatting
[13:11:52] [Client thread/TRACE] [FML]: Sending event FMLPostInitializationEvent to mod forgeinecraftFormatting
[13:11:52] [Client thread/TRACE] [FML]: Sent event FMLPostInitializationEvent to mod forgeinecraftFormatting
[13:11:52] [Client thread/DEBUG] [FML]: Bar Step: PostInitialization - Minecraft Forge took 0.006sinecraftFormatting
[13:11:52] [Client thread/TRACE] [FML]: Sending event FMLPostInitializationEvent to mod carsinecraftFormatting
[13:11:52] [Client thread/TRACE] [FML]: Sent event FMLPostInitializationEvent to mod carsinecraftFormatting
[13:11:52] [Client thread/DEBUG] [FML]: Bar Step: PostInitialization - Cars took 0.000sinecraftFormatting
[13:11:52] [Client thread/DEBUG] [FML]: Bar Finished: PostInitialization took 0.006sinecraftFormatting
[13:11:52] [Client thread/TRACE] [FML]: Sending event FMLLoadCompleteEvent to mod minecraftinecraftFormatting
[13:11:52] [Client thread/TRACE] [FML]: Sent event FMLLoadCompleteEvent to mod minecraftinecraftFormatting
[13:11:52] [Client thread/DEBUG] [FML]: Bar Step: LoadComplete - Minecraft took 0.000sinecraftFormatting
[13:11:52] [Client thread/TRACE] [FML]: Sending event FMLLoadCompleteEvent to mod mcpinecraftFormatting
[13:11:52] [Client thread/TRACE] [FML]: Sent event FMLLoadCompleteEvent to mod mcpinecraftFormatting
[13:11:52] [Client thread/DEBUG] [FML]: Bar Step: LoadComplete - Minecraft Coder Pack took 0.000sinecraftFormatting
[13:11:52] [Client thread/TRACE] [FML]: Sending event FMLLoadCompleteEvent to mod FMLinecraftFormatting
[13:11:52] [Client thread/TRACE] [FML]: Sent event FMLLoadCompleteEvent to mod FMLinecraftFormatting
[13:11:52] [Client thread/DEBUG] [FML]: Bar Step: LoadComplete - Forge Mod Loader took 0.000sinecraftFormatting
[13:11:52] [Client thread/TRACE] [FML]: Sending event FMLLoadCompleteEvent to mod forgeinecraftFormatting
[13:11:52] [Client thread/DEBUG] [FML]: Forge RecipeSorter Baking:inecraftFormatting
[13:11:52] [Client thread/DEBUG] [FML]:   16: RecipeEntry("Before", UNKNOWN, )inecraftFormatting
[13:11:52] [Client thread/DEBUG] [FML]:   15: RecipeEntry("minecraft:shaped", SHAPED, net.minecraft.item.crafting.ShapedRecipes) Before: minecraft:shapelessinecraftFormatting
[13:11:52] [Client thread/DEBUG] [FML]:   14: RecipeEntry("forge:shapedore", SHAPED, net.minecraftforge.oredict.ShapedOreRecipe) Before: minecraft:shapeless After: minecraft:shapedinecraftFormatting
[13:11:52] [Client thread/DEBUG] [FML]:   13: RecipeEntry("minecraft:mapextending", SHAPED, net.minecraft.item.crafting.RecipesMapExtending) Before: minecraft:shapeless After: minecraft:shapedinecraftFormatting
[13:11:52] [Client thread/DEBUG] [FML]:   12: RecipeEntry("minecraft:shapeless", SHAPELESS, net.minecraft.item.crafting.ShapelessRecipes) After: minecraft:shapedinecraftFormatting
[13:11:52] [Client thread/DEBUG] [FML]:   11: RecipeEntry("minecraft:repair", SHAPELESS, net.minecraft.item.crafting.RecipeRepairItem) After: minecraft:shapelessinecraftFormatting
[13:11:52] [Client thread/DEBUG] [FML]:   10: RecipeEntry("minecraft:shield_deco", SHAPELESS, net.minecraft.item.crafting.ShieldRecipes$Decoration) After: minecraft:shapelessinecraftFormatting
[13:11:52] [Client thread/DEBUG] [FML]:   9: RecipeEntry("minecraft:armordyes", SHAPELESS, net.minecraft.item.crafting.RecipesArmorDyes) After: minecraft:shapelessinecraftFormatting
[13:11:52] [Client thread/DEBUG] [FML]:   8: RecipeEntry("minecraft:fireworks", SHAPELESS, net.minecraft.item.crafting.RecipeFireworks) After: minecraft:shapelessinecraftFormatting
[13:11:52] [Client thread/DEBUG] [FML]:   7: RecipeEntry("minecraft:pattern_dupe", SHAPELESS, net.minecraft.item.crafting.RecipesBanners$RecipeDuplicatePattern) After: minecraft:shapelessinecraftFormatting
[13:11:52] [Client thread/DEBUG] [FML]:   6: RecipeEntry("minecraft:tippedarrow", SHAPELESS, net.minecraft.item.crafting.RecipeTippedArrow) After: minecraft:shapelessinecraftFormatting
[13:11:52] [Client thread/DEBUG] [FML]:   5: RecipeEntry("minecraft:mapcloning", SHAPELESS, net.minecraft.item.crafting.RecipesMapCloning) After: minecraft:shapelessinecraftFormatting
[13:11:52] [Client thread/DEBUG] [FML]:   4: RecipeEntry("forge:shapelessore", SHAPELESS, net.minecraftforge.oredict.ShapelessOreRecipe) After: minecraft:shapelessinecraftFormatting
[13:11:52] [Client thread/DEBUG] [FML]:   3: RecipeEntry("minecraft:pattern_add", SHAPELESS, net.minecraft.item.crafting.RecipesBanners$RecipeAddPattern) After: minecraft:shapelessinecraftFormatting
[13:11:52] [Client thread/DEBUG] [FML]:   2: RecipeEntry("minecraft:bookcloning", SHAPELESS, net.minecraft.item.crafting.RecipeBookCloning) After: minecraft:shapelessinecraftFormatting
[13:11:52] [Client thread/DEBUG] [FML]:   1: RecipeEntry("After", UNKNOWN, )inecraftFormatting
[13:11:52] [Client thread/DEBUG] [FML]: Sorting recipesinecraftFormatting
[13:11:52] [Client thread/TRACE] [FML]: Sent event FMLLoadCompleteEvent to mod forgeinecraftFormatting
[13:11:52] [Client thread/DEBUG] [FML]: Bar Step: LoadComplete - Minecraft Forge took 0.003sinecraftFormatting
[13:11:52] [Client thread/TRACE] [FML]: Sending event FMLLoadCompleteEvent to mod carsinecraftFormatting
[13:11:52] [Client thread/TRACE] [FML]: Sent event FMLLoadCompleteEvent to mod carsinecraftFormatting
[13:11:52] [Client thread/DEBUG] [FML]: Bar Step: LoadComplete - Cars took 0.000sinecraftFormatting
[13:11:52] [Client thread/DEBUG] [FML]: Bar Finished: LoadComplete took 0.004sinecraftFormatting
[13:11:52] [Client thread/DEBUG] [FML]: Freezing registriesinecraftFormatting
[13:11:52] [Client thread/TRACE] [FML]: Sending event FMLModIdMappingEvent to mod minecraftinecraftFormatting
[13:11:52] [Client thread/TRACE] [FML]: Sent event FMLModIdMappingEvent to mod minecraftinecraftFormatting
[13:11:52] [Client thread/DEBUG] [FML]: Bar Step: ModIdMapping - Minecraft took 0.000sinecraftFormatting
[13:11:52] [Client thread/TRACE] [FML]: Sending event FMLModIdMappingEvent to mod mcpinecraftFormatting
[13:11:52] [Client thread/TRACE] [FML]: Sent event FMLModIdMappingEvent to mod mcpinecraftFormatting
[13:11:52] [Client thread/DEBUG] [FML]: Bar Step: ModIdMapping - Minecraft Coder Pack took 0.000sinecraftFormatting
[13:11:52] [Client thread/TRACE] [FML]: Sending event FMLModIdMappingEvent to mod FMLinecraftFormatting
[13:11:52] [Client thread/TRACE] [FML]: Sent event FMLModIdMappingEvent to mod FMLinecraftFormatting
[13:11:52] [Client thread/DEBUG] [FML]: Bar Step: ModIdMapping - Forge Mod Loader took 0.000sinecraftFormatting
[13:11:52] [Client thread/TRACE] [FML]: Sending event FMLModIdMappingEvent to mod forgeinecraftFormatting
[13:11:52] [Client thread/TRACE] [FML]: Sent event FMLModIdMappingEvent to mod forgeinecraftFormatting
[13:11:52] [Client thread/DEBUG] [FML]: Bar Step: ModIdMapping - Minecraft Forge took 0.076sinecraftFormatting
[13:11:52] [Client thread/TRACE] [FML]: Sending event FMLModIdMappingEvent to mod carsinecraftFormatting
[13:11:52] [Client thread/TRACE] [FML]: Sent event FMLModIdMappingEvent to mod carsinecraftFormatting
[13:11:52] [Client thread/DEBUG] [FML]: Bar Step: ModIdMapping - Cars took 0.000sinecraftFormatting
[13:11:52] [Client thread/DEBUG] [FML]: Bar Finished: ModIdMapping took 0.077sinecraftFormatting
[13:11:52] [Client thread/DEBUG] [FML]: All registries frozeninecraftFormatting
[13:11:52] [Client thread/INFO] [FML]: Forge Mod Loader has successfully loaded 5 modsinecraftFormatting
[13:11:52] [Client thread/DEBUG] [FML]: Bar Finished: Loading took 3.103sinecraftFormatting
[13:11:52] [Client thread/INFO] [com.mojang.text2speech.NarratorWindows]: Narrator library for x64 successfully loadedinecraftFormatting
[13:11:53] [Client thread/DEBUG] [FML]: Bar Finished: Loading Resource - CloudRenderer took 0.003sinecraftFormatting
[13:11:53] [Realms Notification Availability checker #1/INFO] [com.mojang.realmsclient.client.RealmsClient]: Could not authorize you against Realms server: java.lang.RuntimeException: Failed to parse into SignedJWT: FMLinecraftFormatting
[13:12:02] [Client thread/INFO] [net.minecraft.client.Minecraft]: Stopping!inecraftFormatting
[13:12:02] [Client thread/INFO] [net.minecraft.client.audio.SoundManager]: SoundSystem shutting down...inecraftFormatting
[13:12:03] [Client thread/WARN] [net.minecraft.client.audio.SoundManager]: Author: Paul Lamb, www.paulscode.cominecraftFormatting
